frame,a_AU,R_d_Rsun,R_wd_Rsun,brightness_d,brightness_w,color_d_K,color_wd_K,M_d_Msun,M_wd_Msun,P_days,is_SN
0,0.011170169314173363,1.0,0.008966197760856628,0.843153299729992,9.360806673434448,5639.895277111123,10375.19924973304,0.9524242424242425,0.8380606060606061,0.3295246632239503,0
1,0.0111642678239454,0.961754778778479,0.008587849359691754,0.696010374453947,10.938096214984373,5494.994781953905,11068.521548267063,0.9016397727623141,0.8786881817901487,0.32597846488035287,0
2,0.01115847641012256,0.9205056291993012,0.008188976553826909,0.696010374453947,0.0,5494.994781953905,7229.50545432119,0.9016397727623141,0.8786881817901487,0.32547708376042905,0
3,0.011152779427089253,0.9205056291993012,0.008188976553826909,0.6890557726893585,0.5848754237568949,5487.510806876868,7246.038675986149,0.8990564568771642,0.8807548344982686,0.3249565633626643,0
4,0.011147175787664748,0.9183951287675993,0.008168785241447067,0.6815359822128064,0.6403789380923431,5479.34480277982,7264.050191335403,0.8962421576038434,0.8830062739169253,0.32445028045257107,0
5,0.011141649018286435,0.9160945401422181,0.008146797049607883,0.6748495189418777,0.5765285318267651,5472.01806729821,7280.1853257420935,0.8937210428527977,0.8850231657177617,0.3239580118613287,0
6,0.011136205865747553,0.9140323922264698,0.008127106744858214,0.6680548462863962,0.5928629319796183,5464.508203564799,7296.698987598214,0.891140783187779,0.8870873734497767,0.32347957162421226,0
7,0.011130823639538122,0.9119206616138905,0.008106961294274835,0.6617614993537103,0.5555520271755181,5457.493311596575,7312.10160028107,0.8887341249560825,0.8890127000351338,0.32301147892031595,0
8,0.011125522543010184,0.9099499070431929,0.008088177178882463,0.6554736446146323,0.5613671148377868,5450.426720863008,7327.595619223623,0.8863131844963086,0.8909494524029529,0.32255551201310106,0
9,0.01112026297061506,0.9079663799335383,0.008069287131366605,0.6495551723290158,0.5342579614667281,5443.72152782454,7342.276733170696,0.8840192604420785,0.892784591646337,0.3221077277837588,0
10,0.011115094011626503,0.9060859199976632,0.008051393078613881,0.6436648951271292,0.537470153697739,5436.995644437319,7356.983083329097,0.8817213932298282,0.8946228854161371,0.32167069533440573,0
11,0.011109933285314393,0.9042012489427194,0.008033472856135412,0.6380837701852432,0.5146618827165317,5430.573507777095,7371.006528723883,0.8795302298868929,0.8963758160904854,0.32124012658062956,0
12,0.011104900194612336,0.9024031793963404,0.00801638887118501,0.6325200917072515,0.5183785642410454,5424.122941731842,7385.0736133332,0.8773322479166871,0.89813420166665,0.32081946649562587,0
13,0.011099800668651853,0.9005986141653509,0.007999255558555138,0.6272425488814999,0.4967235481535659,5417.958641662045,7398.499156749842,0.875234506757837,0.8998123945937302,0.32040360477550206,0
14,0.011094940947948584,0.8988755041902131,0.007982907045392415,0.6219509554706104,0.503022987240473,5411.732758789216,7412.041698584935,0.8731184845961036,0.9015052123231169,0.3199974504494954,0
15,0.011089999722296148,0.8971365409592885,0.007966419286749996,0.6169527877532498,0.47978861069101764,5405.809922134144,7424.909081322266,0.8711079560433957,0.9031136351652832,0.3195941218179276,0
16,0.01107667453370417,0.8954834921342711,0.007950756377710722,0.6118842192252163,0.49124524404747816,5399.761156633559,7438.03397211781,0.869057191856592,0.9047542465147261,0.3192012430537575,0
17,0.011066467567746744,0.8937965754189607,0.007934782740831169,0.6071552512334432,0.4626730505023028,5394.078488783421,7450.349691954649,0.8671328606320858,0.9062937114943311,0.3188083001678119,0
18,0.011056417020789753,0.8922129357148783,0.007919796280532649,0.602255322609673,0.4838901474268478,5388.1498851412925,7463.183138491095,0.8651276346107662,0.9078978923113867,0.3184282759237044,0
19,0.011046433584171617,0.890561975145812,0.0079041821372345,0.5978091945943902,0.44310022256817577,5382.734164744642,7474.892732132339,0.8632980106043217,0.9093615915165424,0.318043063215168,0
20,0.011036775555728648,0.8890549249584762,0.007889937308011463,0.5929995139658498,0.48370595826517554,5376.836269512532,7487.630055712355,0.8613078037949442,0.9109537569640443,0.31767692319495,0
21,0.011027120985588394,0.8874148781330489,0.007874444224458243,0.5888988803258235,0.4160537897116668,5371.775104883573,7498.548039200691,0.8596018688748917,0.9123185049000864,0.31729505583649437,0
22,0.011017675627932797,0.8860084846436543,0.007861165652997139,0.5840340749358792,0.49800506838952424,5365.731115106323,7511.571292943615,0.8575669854775598,0.9139464116179519,0.31694714124084483,0
23,0.011008212212744369,0.8843301717218144,0.007845328380405744,0.5804574996789871,0.3692518421394535,5361.259794250221,7521.195419126755,0.8560632157614441,0.9151494273908444,0.3165592846971088,0
24,0.010999150099201748,0.8830893942132932,0.00783362585328199,0.5752133686108433,0.546232662688968,5354.660502362325,7535.383614844806,0.8538463101804986,0.9169229518556008,0.31624261939675435,0
25,0.010990052476035472,0.8812594047646969,0.007816375256085025,0.5726404975079398,0.27014537579565495,5351.4037288912195,7542.378421037178,0.8527533717129405,0.9177973026296472,0.31582527613628514,0
26,0.01098093882714684,0.8803568670208096,0.0078078713525112815,0.5662009195091481,0.6823346752840994,5343.196645911146,7559.98450229272,0.8500024215167621,0.91999806278659,0.3155777451502501,0
27,0.010972177991631048,0.8780841347109589,0.007786468624490055,0.5659525555952274,0.02650239682162361,5342.878499530272,7560.666398172058,0.8498958752856157,0.9200832997715072,0.3150653360650961,0
28,0.010963357816475632,0.8779960806296175,0.007785639729816929,0.5560814745517658,1.0641578377720282,5330.135187462553,7587.942753577038,0.8456339447535876,0.9234928441971297,0.315001319381025,0
29,0.010954585386583856,0.874472036193175,0.007752485872470306,0.5560814745517658,0.0,5330.135187462553,7587.942753577038,0.8456339447535876,0.9234928441971297,0.314476977172425,0
30,0.010945994285179375,0.874472036193175,0.007752485872470306,0.5517985210041056,0.46867525468474036,5324.545098043814,7599.885316251606,0.8437679193356863,0.9249856645314508,0.3141646094660979,0
31,0.010937325820997443,0.8729279662515044,0.007737971301911511,0.5488941774908612,0.32024773918709126,5320.7329877130405,7608.021494677298,0.842496641456672,0.9260026868346621,0.3137877918641084,0
32,0.01092905141847925,0.8718756377247385,0.007728083272181447,0.5437907664683977,0.5674950437014823,5313.992046824671,7622.392906564324,0.8402511083493241,0.9277991133205404,0.31353345926537285,0
33,0.010920690239807246,0.8700160713869957,0.007710618124416175,0.5426788286585538,0.12448478186652032,5312.516071104494,7625.536939632588,0.8397598531824081,0.9281921174540734,0.3130668626030238,0
34,0.010912237715785594,0.8696091217215712,0.0077067973724072305,0.5346525199122807,0.9072463619850639,5301.78380653522,7648.369125722781,0.8361923241058152,0.9310461407153476,0.31299808420765807,0
35,0.010904229424032678,0.8666523944852641,0.0076790515974794775,0.5346525199122807,0.0,5301.78380653522,7648.369125722781,0.8361923241058152,0.9310461407153476,0.3124695818295815,0
36,0.01089611329901931,0.8666523944852641,0.0076790515974794775,0.5293441251991383,0.608817677720011,5294.609001555227,7663.604591199184,0.8338117826251273,0.932950573899898,0.31226131453318456,0
37,0.010887896160587327,0.8646780257418644,0.0076605379057401975,0.5293441251991383,0.0,5294.609001555227,7663.604591199184,0.8338117826251273,0.932950573899898,0.31173111373358225,0
38,0.010880030993400937,0.8646780257418644,0.0076605379057401975,0.5195617092535536,1.140519209602439,5281.222654558566,7691.969108872578,0.8293798267386596,0.9364961386090722,0.3118316937189149,0
39,0.010872066299924923,0.8609992519707694,0.00762607037700825,0.5195617092535536,0.0,5281.222654558566,7691.969108872578,0.8293798267386596,0.9364961386090722,0.31130100227375745,0
40,0.010864027437494485,0.8609992519707694,0.00762607037700825,0.5189295869221455,0.07457801895327763,5280.350180568941,7693.81505147036,0.8290913982077562,0.936726881433795,0.31081123662652094,0
41,0.010856345337494524,0.860759703933732,0.007623827236318179,0.5104680674197033,1.008228121497409,5268.582012753402,7718.680696060494,0.8252061412405479,0.9398350870075617,0.310868370436583,0
42,0.01084847087405776,0.857531261067497,0.00759361054164314,0.5104680674197033,0.0,5268.582012753402,7718.680696060494,0.8252061412405479,0.9398350870075617,0.3103356444861014,0
43,0.010840754725047926,0.857531261067497,0.00759361054164314,0.5082006980784703,0.2735203293407973,5265.399954545169,7725.393720281424,0.8241572312060276,0.940674215035178,0.30996593391129595,0
44,0.01083291343711358,0.856659151674357,0.007585452608907168,0.5032644470728493,0.6003180989211915,5258.4296930284445,7740.08285888243,0.8218620532996204,0.9425103573603038,0.30979935298663375,0
45,0.010825233547701017,0.8547500661228341,0.0075676012177978745,0.5032644470728493,0.0,5258.4296930284445,7740.08285888243,0.8218620532996204,0.9425103573603038,0.3092641456633533,0
46,0.010817607598788182,0.8547500661228341,0.0075676012177978745,0.494495971163731,1.0831365106416893,5245.90108646721,7766.431597798357,0.8177450628440069,0.9458039497247945,0.30941742844044423,0
47,0.010810003905517424,0.8513229564960133,0.007535577643394299,0.494495971163731,0.0,5245.90108646721,7766.431597798357,0.8177450628440069,0.9458039497247945,0.30888185841046306,0
48,0.01080253152097069,0.8513229564960133,0.007535577643394299,0.494396457290789,0.012424080921466754,5245.75780028682,7766.732539205828,0.8176980407490894,0.9458415674007286,0.3083528008384005,0
49,0.010795001351569638,0.8512837939541632,0.007535211864623047,0.4852141190737219,1.158483454344626,5232.427990093287,7794.689168638546,0.8133298174002275,0.9493361460798182,0.30858598602859616,0
50,0.010787693720824592,0.8476437328766476,0.007501229339482589,0.4852141190737219,0.0,5232.427990093287,7794.689168638546,0.8133298174002275,0.9493361460798182,0.3080488264318906,0
51,0.010780369397116286,0.8476437328766476,0.007501229339482589,0.4852141190737219,0.0,5232.427990093287,7794.689168638546,0.8133298174002275,0.9493361460798182,0.30751010553799046,0
52,0.010772811431384945,0.8476437328766476,0.007501229339482589,0.47763807946081194,0.9750470320555873,5221.264841438642,7818.041175161167,0.8096810663810676,0.9522551468951459,0.30764491371004704,0
53,0.010765965053637923,0.8446002138802186,0.0074728391812334235,0.47763807946081194,0.0,5221.264841438642,7818.041175161167,0.8096810663810676,0.9522551468951459,0.30710570886614996,0
54,0.010758674281923309,0.8446002138802186,0.0074728391812334235,0.47652828965573507,0.14436862428384448,5219.6167566384975,7821.484106933536,0.8091431082916352,0.952685513366692,0.3066665729879778,0
55,0.010751366435517811,0.8441512571418006,0.007468653020778405,0.4699195872746981,0.8675388178613945,5209.733291590382,7842.1059584500435,0.805920943992181,0.9552632448062554,0.3067474550197926,0
56,0.010744289434672951,0.8414609257039569,0.007443576975440623,0.4699195872746981,0.0,5209.733291590382,7842.1059584500435,0.805920943992181,0.9552632448062554,0.30620635495871185,0
57,0.01073680111415115,0.8414609257039569,0.007443576975440623,0.46725772572101615,0.35346286937186844,5205.718449028932,7850.4705905301835,0.8046139702296591,0.9563088238162729,0.3059221162139354,0
58,0.010730048482855407,0.8403690609726017,0.00743340430627011,0.4645553647265661,0.36121029046208714,5201.622249635925,7858.99737840736,0.8032816596238502,0.95737467230092,0.3056459923959431,0
59,0.010723167631789855,0.8392556643176915,0.007423033581380296,0.46204640468027414,0.33752579567145996,5197.800726703687,7866.945701603159,0.8020397341245067,0.958368212700395,0.3053545199005264,0
60,0.010716016285682526,0.838217468818028,0.007413365606374907,0.45915825889313056,0.3911387454432524,5193.379377493281,7876.133537857871,0.8006041347097081,0.9595166922322338,0.3051058483248138,0
61,0.01070912184552588,0.8370169696389718,0.007402188926186451,0.4572989392496368,0.25331394768447446,5190.520283033335,7882.070311649153,0.7996765138048202,0.9602587889561441,0.3047542897130961,0
62,0.010701768869960875,0.8362410311610114,0.007394966445020069,0.4529696246891777,0.5943417578727367,5183.823919386758,7895.96085112368,0.7975061170119254,0.9619951063904599,0.3046683349110751,0
63,0.010695117856363767,0.8344248287766708,0.007378065733275498,0.4529696246891777,0.0,5183.823919386758,7895.96085112368,0.7975061170119254,0.9619951063904599,0.3041227929260843,0
64,0.010688446535283039,0.8344248287766708,0.007378065733275498,0.4460602362503476,0.9619839948301773,5173.0213531298805,7918.3272820042675,0.7940113621868334,0.9647909102505334,0.30433738062091215,0
65,0.0106812193870646,0.8314983154878335,0.007350846233557354,0.4460602362503476,0.0,5173.0213531298805,7918.3272820042675,0.7940113621868334,0.9647909102505334,0.3037915910490746,0
66,0.010674411292592159,0.8314983154878335,0.007350846233557354,0.4460602362503476,0.0,5173.0213531298805,7918.3272820042675,0.7940113621868334,0.9647909102505334,0.30324416701586737,0
67,0.010667587475332347,0.8314983154878335,0.007350846233557354,0.43734393675671,1.2379773365510087,5159.185523979982,7946.898691549022,0.7895470794454656,0.9683623364436278,0.30370596080432216,0
68,0.010660713823842887,0.827756167161532,0.007316063345958998,0.43734393675671,0.0,5159.185523979982,7946.898691549022,0.7895470794454656,0.9683623364436278,0.3031592501254154,0
69,0.010653823950587997,0.827756167161532,0.007316063345958998,0.43734393675671,0.0,5159.185523979982,7946.898691549022,0.7895470794454656,0.9683623364436278,0.3026108960421969,0
70,0.0106472911587946,0.827756167161532,0.007316063345958998,0.4341595317343825,0.4594720728474872,5154.071267851739,7957.43837950285,0.7879002532026801,0.9696797974378563,0.3024434395253538,0
71,0.010640302128796969,0.8263746610500852,0.007303228604967362,0.4340428314193355,0.016914655810822857,5153.883228335412,7957.825679553731,0.78783973756973,0.9697282099442163,0.30190743601938963,0
72,0.010633750228316731,0.8263238840949333,0.007302756929040886,0.4257269421790547,1.2181953537571129,5140.369965352759,7985.617706356569,0.7834972333817865,0.9732022132945711,0.3023940758959158,0
73,0.01062699964488639,0.8226781709093297,0.007268902477874579,0.4257269421790547,0.0,5140.369965352759,7985.617706356569,0.7834972333817865,0.9732022132945711,0.30184477023548045,0
74,0.010620488307524462,0.8226781709093297,0.007268902477874579,0.4257269421790547,0.0,5140.369965352759,7985.617706356569,0.7834972333817865,0.9732022132945711,0.3012937983061541,0
75,0.010613782106788804,0.8226781709093297,0.007268902477874579,0.4228119264963393,0.433597708230433,5135.57905176053,7995.451567085987,0.781960692642815,0.9744314458857484,0.3011171532729698,0
76,0.010607339561868566,0.8213872138334533,0.007256919680183496,0.4224174384474743,0.058949759035474586,5134.928507609435,7996.786096780186,0.7817521723780962,0.9745982620975233,0.30061566907306375,0
77,0.010600744060330954,0.8212119820616633,0.007255293362589815,0.4150383821632758,1.1138247321827681,5122.662001676238,8021.9146954317675,0.7778258288387867,0.977739336928971,0.30104782727019486,0
78,0.010594169246426206,0.8179106974153886,0.007224663070528485,0.4150383821632758,0.0,5122.662001676238,8021.9146954317675,0.7778258288387867,0.977739336928971,0.3004957487494068,0
79,0.010587579012975017,0.8179106974153886,0.007224663070528485,0.4150383821632758,0.0,5122.662001676238,8021.9146954317675,0.7778258288387867,0.977739336928971,0.29994197953680446,0
80,0.010581210506813566,0.8179106974153886,0.007224663070528485,0.41072476662157226,0.6617213617560451,5115.403728761352,8036.75238016681,0.7755074405989364,0.9795940475208512,0.29998325754102007,0
81,0.010574827496978053,0.8159598232339783,0.007206569862336088,0.41072476662157226,0.0,5115.403728761352,8036.75238016681,0.7755074405989364,0.9795940475208512,0.2994284673733132,0
82,0.010568429847338603,0.8159598232339783,0.007206569862336088,0.4064785038998653,0.6591385236790464,5108.194149412917,8051.467505623345,0.7732082022463529,0.9814334382029181,0.29947474283508807,0
83,0.010561733980039017,0.8140239109189227,0.0071886207351410545,0.4064785038998653,0.0,5108.194149412917,8051.467505623345,0.7732082022463529,0.9814334382029181,0.29891894168484956,0
84,0.01055502177497587,0.8140239109189227,0.0071886207351410545,0.402314745071821,0.6539592413814322,5101.061162206819,8066.003729908753,0.7709369172017579,0.983250466238594,0.2989675670914139,0
85,0.010548864200315488,0.812110403975922,0.00717088435488136,0.402314745071821,0.0,5101.061162206819,8066.003729908753,0.7709369172017579,0.983250466238594,0.2984107545305677,0
86,0.01054241582765236,0.812110403975922,0.00717088435488136,0.3981796521038569,0.657090063501004,5093.913854093767,8080.546622161461,0.7686645902872723,0.9850683277701825,0.2984692807510521,0
87,0.010536117371474696,0.8101948906796538,0.0071531341755264235,0.3981796521038569,0.0,5093.913854093767,8080.546622161461,0.7686645902872723,0.9850683277701825,0.29791148693665986,0
88,0.010529509062551571,0.8101948906796538,0.0071531341755264235,0.3942260700514636,0.6355185477724699,5087.020035143781,8094.552379629644,0.7664761906828685,0.9868190474537055,0.297956246915899,0
89,0.010522884576854434,0.8083490551245732,0.0071360340297043435,0.3942260700514636,0.0,5087.020035143781,8094.552379629644,0.7664761906828685,0.9868190474537055,0.2973974068426686,0
90,0.010516818280648703,0.8083490551245732,0.0071360340297043435,0.3899817424193727,0.6903109543107371,5079.552418340729,8109.700235471626,0.7641093382075589,0.9887125294339533,0.29750157152259266,0
91,0.010510464597170649,0.8063515141501972,0.007117533079844732,0.3899817424193727,0.0,5079.552418340729,8109.700235471626,0.7641093382075589,0.9887125294339533,0.29694191578265955,0
92,0.010504256969156097,0.8063515141501972,0.007117533079844732,0.3868905313863215,0.508177619783508,5074.069297374497,8120.806937271773,0.7623739160512859,0.9901008671589716,0.29687499527635364,0
93,0.010497721412571926,0.8048860920478856,0.00710396347372324,0.3868905313863215,0.0,5074.069297374497,8120.806937271773,0.7623739160512859,0.9901008671589716,0.29631382201365103,0
94,0.010491169780958846,0.8048860920478856,0.00710396347372324,0.38045877095169206,1.0718964769685426,5062.538351259779,8144.120960544669,0.7587310999148958,0.9930151200680836,0.29681052507659283,0
95,0.010485402319175188,0.801807858990824,0.007075467123453071,0.38045877095169206,0.0,5062.538351259779,8144.120960544669,0.7587310999148958,0.9930151200680836,0.2962501087176798,0
96,0.010479185746049882,0.801807858990824,0.007075467123453071,0.38045877095169206,0.0,5062.538351259779,8144.120960544669,0.7587310999148958,0.9930151200680836,0.2956879252401763,0
97,0.010472954557511824,0.801807858990824,0.007075467123453071,0.37691026789092696,0.6003158462207013,5056.104239834599,8157.104388720228,0.7567024392624648,0.9946380485900285,0.29572514613179607,0
98,0.010466833805736809,0.8000923300692393,0.0070595901028346515,0.37691026789092696,0.0,5056.104239834599,8157.104388720228,0.7567024392624648,0.9946380485900285,0.2951618440963456,0
99,0.01046069883077343,0.8000923300692393,0.0070595901028346515,0.3724821952493415,0.7580549137988801,5048.00146401394,8173.429063148364,0.7541517088830688,0.9966786328935454,0.2953649299491242,0
100,0.010454383225484276,0.7979340088420557,0.007039619165520034,0.3724821952493415,0.0,5048.00146401394,8173.429063148364,0.7541517088830688,0.9966786328935454,0.294801176655581,0
101,0.010448213948018984,0.7979340088420557,0.007039619165520034,0.3711445027499336,0.2310658209554101,5045.537293262443,8178.387893359393,0.7533768916625954,0.9972984866699242,0.294471288019644,0
102,0.010442157828961636,0.7972781020273962,0.007033550923682177,0.3677005674897982,0.5991137597710536,5039.15769957927,8191.213582293883,0.7513728777665815,0.9989016977867353,0.2945206968533845,0
103,0.010436087630841197,0.7955810158800826,0.0070178518011219,0.3677005674897982,0.0,5039.15769957927,8191.213582293883,0.7513728777665815,0.9989016977867353,0.2939550173695905,0
104,0.010429812175809978,0.7955810158800826,0.0070178518011219,0.3634897890791009,0.741099591346519,5031.287044846818,8207.012225299277,0.7489043397969887,1.0008765281624097,0.2941576375319028,0
105,0.010423785502444504,0.7934893055464145,0.006998505525857215,0.3634897890791009,0.0,5031.287044846818,8207.012225299277,0.7489043397969887,1.0008765281624097,0.29359148639499943,0
106,0.010417487274935227,0.7934893055464145,0.006998505525857215,0.3620581387169745,0.2542397250380466,5028.593093263761,8212.41348273996,0.7480603933218821,1.0015516853424948,0.29328932528681284,0
107,0.010411521772417042,0.7927738731839957,0.0069918892887196995,0.35916694312740294,0.5168242593935234,5023.124510632725,8223.367924144763,0.7463487618523814,1.0029209905180954,0.2932645472260846,0
108,0.01040517669360563,0.7913223888002593,0.0069784673371371024,0.35916694312740294,0.0,5023.124510632725,8223.367924144763,0.7463487618523814,1.0029209905180954,0.29269624893846696,0
109,0.010399968411176602,0.7913223888002593,0.0069784673371371024,0.35362643166378593,1.0033352145476266,5012.537669696149,8244.537615643301,0.7430409975557347,1.0055672019554127,0.2931955536410176,0
110,0.010393965095418237,0.7885154757847959,0.006952515994063141,0.35362643166378593,0.0,5012.537669696149,8244.537615643301,0.7430409975557347,1.0055672019554127,0.2926279869496994,0
111,0.01038794764471865,0.7885154757847959,0.006952515994063141,0.35362643166378593,0.0,5012.537669696149,8244.537615643301,0.7430409975557347,1.0055672019554127,0.29205858531830886,0
112,0.01038191591905038,0.7885154757847959,0.006952515994063141,0.3498083080986379,0.7018684124812438,5005.158223643839,8259.26453110473,0.7407399170148866,1.0074080663880913,0.2922438835421432,0
113,0.01037607554688769,0.7865613438073151,0.00693445214798112,0.3498083080986379,0.0,5005.158223643839,8259.26453110473,0.7407399170148866,1.0074080663880913,0.2916739102616969,0
114,0.010370221731698924,0.7865613438073151,0.00693445214798112,0.34796081994558586,0.34277559963163834,5001.56248389077,8266.43174065721,0.7396200405223116,1.0083039675821512,0.29147383198631377,0
115,0.01036384969330414,0.7856098791547662,0.0069256577300875815,0.34689986685430035,0.19778486752218483,4999.490100759372,8270.559933048822,0.7389750104611221,1.0088199916311027,0.2911168811378879,0
116,0.010358480359982403,0.7850617207279439,0.006920591323487965,0.34314017210195935,0.7061870473430666,4992.101830598881,8285.261998933505,0.7366778126666403,1.0106577498666882,0.2913180579943346,0
117,0.010352924448083235,0.7831087416972075,0.006902542070686664,0.34314017210195935,0.0,4992.101830598881,8285.261998933505,0.7366778126666403,1.0106577498666882,0.2907462790925934,0
118,0.010346897611434019,0.7831087416972075,0.006902542070686664,0.3415216464769373,0.3067522484661823,4988.8996637995715,8291.626589853337,0.7356833453354168,1.011453323731667,0.2905108065729992,0
119,0.01034085615898252,0.7822629106068126,0.006894725591172651,0.3398587429473894,0.31686167397837695,4985.596008076301,8298.188168598788,0.7346580986564398,1.0122735210748486,0.2902874417625425,0
120,0.010335497116263007,0.7813906611131667,0.006886665337270436,0.33840276189309226,0.2788678560737472,4982.691949647967,8303.95211695345,0.7337574817260242,1.0129940146191811,0.29002274670877626,0
121,0.010330126860044279,0.7806242420423589,0.0068795833271810165,0.33625497518721525,0.41380048305600386,4978.388258596179,8312.487216952977,0.7324238723510976,1.0140609021191223,0.2899096117892511,0
122,0.010324546720663729,0.7794890035666729,0.006869093752289861,0.33625497518721525,0.0,4978.388258596179,8312.487216952977,0.7324238723510976,1.0140609021191223,0.289334503109968,0
123,0.010318547545863513,0.7794890035666729,0.006869093752289861,0.3293530634459359,1.3493041644372807,4964.39561774354,8340.181156841023,0.7280966942435906,1.017522644605128,0.2902851842201095,0
124,0.010312870463511061,0.7758026297355983,0.006835035155125848,0.3293530634459359,0.0,4964.39561774354,8340.181156841023,0.7280966942435906,1.017522644605128,0.2897126624227629,0
125,0.010306403831501488,0.7758026297355983,0.006835035155125848,0.3293530634459359,0.0,4964.39561774354,8340.181156841023,0.7280966942435906,1.017522644605128,0.2891382547128995,0
126,0.010301174935907037,0.7758026297355983,0.006835035155125848,0.3293530634459359,0.0,4964.39561774354,8340.181156841023,0.7280966942435906,1.017522644605128,0.288561944872902,0
127,0.01029593528847109,0.7758026297355983,0.006835035155125848,0.3255689647016081,0.7535194044571957,4956.615984395638,8355.541181711931,0.7256966903575115,1.0194426477139913,0.2888461033661026,0
128,0.010290117514006923,0.773756150037013,0.006816129493489091,0.3255689647016081,0.0,4956.615984395638,8355.541181711931,0.7256966903575115,1.0194426477139913,0.28826958627882787,0
129,0.010284285843325877,0.773756150037013,0.006816129493489091,0.3251875500473754,0.0765229134932781,4955.827514367405,8357.096442573275,0.7254536808479269,1.0196370553216592,0.2877789632980641,0
130,0.010278637955972456,0.7735488607908616,0.006814214588261733,0.3194618156948871,1.1601895317956583,4943.894026668329,8380.601915828252,0.7217809506518365,1.0225752394785315,0.28854454545809066,0
131,0.010272815320386819,0.7704142953987247,0.006785259080761081,0.3194618156948871,0.0,4943.894026668329,8380.601915828252,0.7217809506518365,1.0225752394785315,0.2879682888762789,0
132,0.010267264718551742,0.7704142953987247,0.006785259080761081,0.3194618156948871,0.0,4943.894026668329,8380.601915828252,0.7217809506518365,1.0225752394785315,0.2873901101200327,0
133,0.010261701489218152,0.7704142953987247,0.006785259080761081,0.3194618156948871,0.0,4943.894026668329,8380.601915828252,0.7217809506518365,1.0225752394785315,0.28680999245041194,0
134,0.010255871034313514,0.7704142953987247,0.006785259080761081,0.31258984130418155,1.4232151913759803,4929.325014903212,8409.213700967543,0.7173103592238222,1.0261517126209427,0.2879039255978009,0
135,0.010250473796326588,0.7665944704168933,0.006749975415762717,0.31258984130418155,0.0,4929.325014903212,8409.213700967543,0.7173103592238222,1.0261517126209427,0.2873270044958908,0
136,0.010244831194263405,0.7665944704168933,0.006749975415762717,0.31258984130418155,0.0,4929.325014903212,8409.213700967543,0.7173103592238222,1.0261517126209427,0.2867481524829761,0
137,0.01023882707828695,0.7665944704168933,0.006749975415762717,0.31258984130418155,0.0,4929.325014903212,8409.213700967543,0.7173103592238222,1.0261517126209427,0.28616735268682963,0
138,0.01023420032228465,0.7665944704168933,0.006749975415762717,0.3108136641383908,0.37376491105876813,4925.514415335742,8416.681863431892,0.7161434588387678,1.0270852329289863,0.28602749697912805,0
139,0.010228412923163836,0.7655966484982313,0.006740758716135374,0.31068823612174484,0.02648958333814428,4925.2446119716105,8417.210392664769,0.7160608761461309,1.027151299083096,0.2854760711082571,0
140,0.010222611476524094,0.7655260193402939,0.006740106328302318,0.3042526082494607,1.374223172635404,4911.27320650785,8444.53584221378,0.7117912746540976,1.0305669802767226,0.2865404894171272,0
141,0.01021679583668348,0.7618722019792632,0.006706356574097067,0.3042526082494607,0.0,4911.27320650785,8444.53584221378,0.7117912746540976,1.0305669802767226,0.28596085666669524,0
142,0.01021101985283288,0.7618722019792632,0.006706356574097067,0.3042526082494607,0.0,4911.27320650785,8444.53584221378,0.7117912746540976,1.0305669802767226,0.28537926549719317,0
143,0.010205827528413763,0.7618722019792632,0.006706356574097067,0.3042526082494607,0.0,4911.27320650785,8444.53584221378,0.7117912746540976,1.0305669802767226,0.2847956986327605,0
144,0.010200624130552173,0.7618722019792632,0.006706356574097067,0.30186802730633727,0.5176906668775906,4906.031495972359,8454.765515084078,0.7101928882681134,1.0318456893855097,0.2848355808172134,0
145,0.010195343064398605,0.7605032165428769,0.006693711220123044,0.30186802730633727,0.0,4906.031495972359,8454.765515084078,0.7101928882681134,1.0318456893855097,0.28425071120556084,0
146,0.010189031353249922,0.7605032165428769,0.006693711220123044,0.2976189305089212,0.9335916650224074,4896.601915928845,8473.137800783634,0.707322218627558,1.0341422250979542,0.2848013317196549,0
147,0.010183414174040709,0.7580429977336226,0.006670985442908194,0.2976189305089212,0.0,4896.601915928845,8473.137800783634,0.707322218627558,1.0341422250979542,0.2842173482943588,0
148,0.010177783548975501,0.7580429977336226,0.006670985442908194,0.2976189305089212,0.0,4896.601915928845,8473.137800783634,0.707322218627558,1.0341422250979542,0.28363136474184386,0
149,0.010172154421410217,0.7580429977336226,0.006670985442908194,0.2942161371352078,0.758464362262816,4888.96617491304,8487.986405739997,0.7050021241031259,1.0359983007174998,0.28397442754987756,0
150,0.01016670355179075,0.7560531730076723,0.006652603956768524,0.2942161371352078,0.0,4888.96617491304,8487.986405739997,0.7050021241031259,1.0359983007174998,0.2833884315008942,0
151,0.010161240106026127,0.7560531730076723,0.006652603956768524,0.2942161371352078,0.0,4888.96617491304,8487.986405739997,0.7050021241031259,1.0359983007174998,0.2828004156220658,0
152,0.010155763949972597,0.7560531730076723,0.006652603956768524,0.28776552925036775,1.4642151790700038,4874.279327841839,8516.474724051764,0.7005508243669127,1.0395593405064705,0.2840305657070623,0
153,0.010150274947397075,0.7522318516862656,0.006617300484985253,0.28776552925036775,0.0,4874.279327841839,8516.474724051764,0.7005508243669127,1.0395593405064705,0.2834463602533894,0
154,0.010144436188599332,0.7522318516862656,0.006617300484985253,0.28776552925036775,0.0,4874.279327841839,8516.474724051764,0.7005508243669127,1.0395593405064705,0.2828601477059225,0
155,0.01013999749553572,0.7522318516862656,0.006617300484985253,0.28776552925036775,0.0,4874.279327841839,8516.474724051764,0.7005508243669127,1.0395593405064705,0.2822719100601417,0
156,0.010134296484576383,0.7522318516862656,0.006617300484985253,0.2875198419064796,0.05653717391718011,4873.714338462318,8517.568751109558,0.7003798826391324,1.0396960938886948,0.28175206069895287,0
157,0.01012858138458088,0.7520850061516613,0.006615943747009308,0.28194871755189665,1.2955287700445293,4860.789471361209,8542.557767039416,0.6964753489000919,1.042819720879927,0.28279023229601824,0
158,0.010122852045476196,0.7487289051529494,0.006584933599718209,0.28194871755189665,0.0,4860.789471361209,8542.557767039416,0.6964753489000919,1.042819720879927,0.28220324877533104,0
159,0.010117144047262154,0.7487289051529494,0.006584933599718209,0.28194871755189665,0.0,4860.789471361209,8542.557767039416,0.6964753489000919,1.042819720879927,0.2816142300987819,0
160,0.010112387242841954,0.7487289051529494,0.006584933599718209,0.28194871755189665,0.0,4860.789471361209,8542.557767039416,0.6964753489000919,1.042819720879927,0.28102315784176657,0
161,0.010107621236423106,0.7487289051529494,0.006584933599718209,0.27885791293835305,0.7312975696806945,4853.523387934865,8556.573854056021,0.6942853353037476,1.0445717317570027,0.2813564307674754,0
162,0.010101977865624417,0.7468448554343631,0.006567522834076721,0.27885791293835305,0.0,4853.523387934865,8556.573854056021,0.6942853353037476,1.0445717317570027,0.28076527617479274,0
163,0.010096320490773743,0.7468448554343631,0.006567522834076721,0.2787929387760031,0.01547662676513085,4853.3698965015,8556.869685124022,0.6942391116993727,1.0446087106405026,0.280191666256533,0
164,0.010090721053853637,0.746805076871614,0.00656715521524136,0.2726299762173194,1.4849507730311777,4838.668345499473,8585.156735479954,0.6898192600812586,1.048144591934994,0.2814998584557112,0
165,0.010085709030533291,0.7429990401728002,0.006531977062641496,0.2726299762173194,0.0,4838.668345499473,8585.156735479954,0.6898192600812586,1.048144591934994,0.2809108962136439,0
166,0.010080686330497452,0.7429990401728002,0.006531977062641496,0.2726299762173194,0.0,4838.668345499473,8585.156735479954,0.6898192600812586,1.048144591934994,0.2803198756432474,0
167,0.010075652833792565,0.7429990401728002,0.006531977062641496,0.2726299762173194,0.0,4838.668345499473,8585.156735479954,0.6898192600812586,1.048144591934994,0.27972677796063655,0
168,0.01006921583067733,0.7429990401728002,0.006531977062641496,0.2726299762173194,0.0,4838.668345499473,8585.156735479954,0.6898192600812586,1.048144591934994,0.27913158410368355,0
169,0.010063470290204905,0.7429990401728002,0.006531977062641496,0.2667954244393772,1.4404311766997921,4824.483092645807,8612.360487012153,0.6855686739043523,1.051545060876519,0.28040176467946276,0
170,0.010057710026847385,0.7393341586827793,0.006498094764855259,0.2667954244393772,0.0,4824.483092645807,8612.360487012153,0.6855686739043523,1.051545060876519,0.27981059994144286,0
171,0.010052074984460107,0.7393341586827793,0.006498094764855259,0.2667954244393772,0.0,4824.483092645807,8612.360487012153,0.6855686739043523,1.051545060876519,0.2792173532948237,0
172,0.010047418133920877,0.7393341586827793,0.006498094764855259,0.2667954244393772,0.0,4824.483092645807,8612.360487012153,0.6855686739043523,1.051545060876519,0.27862200559383893,0
173,0.010041502379928116,0.7393341586827793,0.006498094764855259,0.2666528362490787,0.035670393885980936,4824.133081512027,8613.030604555152,0.6854639680382586,1.051628825569394,0.27807082024454044,0
174,0.010035570895846668,0.7392438233932624,0.006497259481728935,0.26101776126983717,1.4254229570947319,4810.169434740328,8639.72102284835,0.6812935901799463,1.0549651278560437,0.279339877492912,0
175,0.010029938613957106,0.7356435684351386,0.006463964548456639,0.26101776126983717,0.0,4810.169434740328,8639.72102284835,0.6812935901799463,1.0549651278560437,0.2787466536852761,0
176,0.010024560508753451,0.7356435684351386,0.006463964548456639,0.26101776126983717,0.0,4810.169434740328,8639.72102284835,0.6812935901799463,1.0549651278560437,0.2781513254369447,0
177,0.010018942069150012,0.7356435684351386,0.006463964548456639,0.26101776126983717,0.0,4810.169434740328,8639.72102284835,0.6812935901799463,1.0549651278560437,0.2775538732527682,0
178,0.01001330935548032,0.7356435684351386,0.006463964548456639,0.2607406089551874,0.07104722964164265,4809.475955039224,8641.044326295252,0.6810868240163678,1.0551305407869065,0.2770474764172805,0
179,0.010008874392977882,0.7354649543193578,0.006462312455909874,0.2557897675930152,1.2822539240572925,4796.979554423917,8664.85392260766,0.6773665745925539,1.0581067403259574,0.2781433707855258,0
180,0.010002967959418125,0.7322493750096659,0.006432565013762143,0.2557897675930152,0.0,4796.979554423917,8664.85392260766,0.6773665745925539,1.0581067403259574,0.27754747462071966,0
181,0.00999704570238841,0.7322493750096659,0.006432565013762143,0.2557897675930152,0.0,4796.979554423917,8664.85392260766,0.6773665745925539,1.0581067403259574,0.2769494458351422,0
182,0.009991107448876822,0.7322493750096659,0.006432565013762143,0.2557897675930152,0.0,4796.979554423917,8664.85392260766,0.6773665745925539,1.0581067403259574,0.276349264497052,0
183,0.009986441376443328,0.7322493750096659,0.006432565013762143,0.2531738281282344,0.6888908892130972,4790.2920309561,8677.567649326124,0.675380054792794,1.0596959561657655,0.2766630794808986,0
184,0.009981766125895065,0.7305308904692919,0.006416663209643217,0.2531738281282344,0.0,4790.2920309561,8677.567649326124,0.675380054792794,1.0596959561657655,0.2760626797338668,0
185,0.009975642721034064,0.7305308904692919,0.006416663209643217,0.252662158263355,0.13571422050497692,4788.976993273911,8680.065376001074,0.674989784999833,1.0600081720001342,0.27564074522108206,0
186,0.009969502151781448,0.730193159894083,0.006413537708067594,0.24889968282931887,1.0067075115410964,4779.235768362303,8698.543843610156,0.6721025244359139,1.0623179804512695,0.27638596957034145,0
187,0.009964394945480194,0.7276933753784064,0.006390399909551114,0.24889968282931887,0.0,4779.235768362303,8698.543843610156,0.6721025244359139,1.0623179804512695,0.2757859284043935,0
188,0.009959276078562914,0.7276933753784064,0.006390399909551114,0.24889968282931887,0.0,4779.235768362303,8698.543843610156,0.6721025244359139,1.0623179804512695,0.27518371102983596,0
189,0.009954109684245725,0.7276933753784064,0.006390399909551114,0.24778294878224572,0.30217541135524145,4776.320000003935,8704.06677957413,0.6712395656915431,1.0630083474467662,0.27498499292963646,0
190,0.009947912996222793,0.7269458108216047,0.006383479190871778,0.2468376498502163,0.2569679428075885,4773.8429553549595,8708.755775409196,0.6705069100923141,1.0635944719261494,0.27472578019170263,0
191,0.009941698605291314,0.7263109744925719,0.006377601579043597,0.24514798053883113,0.4619537327699475,4769.394878457996,8717.169147639304,0.6691923206813591,1.064646143454913,0.2747434576102176,0
192,0.009937091299435792,0.7251715523079159,0.006367051106823475,0.24514798053883113,0.0,4769.394878457996,8717.169147639304,0.6691923206813591,1.064646143454913,0.27413866287295824,0
193,0.009932475019998334,0.7251715523079159,0.006367051106823475,0.24095388755798006,1.1613534124970692,4758.238276593667,8738.233311714213,0.6659010450446547,1.0672791639642767,0.2751099756189578,0
194,0.009927777565307688,0.7223168684511889,0.006340611317628215,0.24095388755798006,0.0,4758.238276593667,8738.233311714213,0.6659010450446547,1.0672791639642767,0.2745079285595304,0
195,0.009921757686677104,0.7223168684511889,0.006340611317628215,0.24095388755798006,0.0,4758.238276593667,8738.233311714213,0.6659010450446547,1.0672791639642767,0.27390368051548925,0
196,0.009915720938779586,0.7223168684511889,0.006340611317628215,0.24095388755798006,0.0,4758.238276593667,8738.233311714213,0.6659010450446547,1.0672791639642767,0.2732972104716414,0
197,0.009911055821772385,0.7223168684511889,0.006340611317628215,0.2366727800638136,1.208516280920976,4746.675750108646,8760.00635123274,0.6624990076198852,1.0700007939040923,0.274343045824777,0
198,0.009906381304989562,0.7193631478635306,0.006313243314132647,0.2366727800638136,0.0,4746.675750108646,8760.00635123274,0.6624990076198852,1.0700007939040923,0.2737396688557742,0
199,0.00990098738138481,0.7193631478635306,0.006313243314132647,0.2366727800638136,0.0,4746.675750108646,8760.00635123274,0.6624990076198852,1.0700007939040923,0.27313407496153536,0
200,0.009895579925278973,0.7193631478635306,0.006313243314132647,0.2366727800638136,0.0,4746.675750108646,8760.00635123274,0.6624990076198852,1.0700007939040923,0.2725262428678707,0
201,0.00989075734534519,0.7193631478635306,0.006313243314132647,0.23326765853471607,0.9786463055450629,4737.349318328188,8777.5260145221,0.6597615602309225,1.0721907518152625,0.2732634797156441,0
202,0.009884877891191706,0.716984235559985,0.006291192618836352,0.23326765853471607,0.0,4737.349318328188,8777.5260145221,0.6597615602309225,1.0721907518152625,0.27265733435031014,0
203,0.009879163100411108,0.716984235559985,0.006291192618836352,0.23326765853471607,0.0,4737.349318328188,8777.5260145221,0.6597615602309225,1.0721907518152625,0.27204894278589287,0
204,0.00987444912601647,0.716984235559985,0.006291192618836352,0.23191271862139667,0.3939511614358516,4733.605461918279,8784.54812145584,0.6586643560225257,1.07306851518198,0.2719816208256525,0
205,0.009869410220336204,0.716030182966213,0.0062823470116055566,0.23191271862139667,0.0,4733.605461918279,8784.54812145584,0.6586643560225257,1.07306851518198,0.2713712002305614,0
206,0.009864091115651029,0.716030182966213,0.0062823470116055566,0.22684573428409407,1.49466932436104,4719.435133807279,8811.070922487394,0.6545201683613455,1.0763838653109241,0.27283903650613067,0
207,0.009859019203375643,0.7124238118068789,0.006248897783390071,0.22684573428409407,0.0,4719.435133807279,8811.070922487394,0.6545201683613455,1.0763838653109241,0.27223366680075134,0
208,0.009853935390441696,0.7124238118068789,0.006248897783390071,0.22684573428409407,0.0,4719.435133807279,8811.070922487394,0.6545201683613455,1.0763838653109241,0.27162605315452604,0
209,0.009847796245606447,0.7124238118068789,0.006248897783390071,0.22684573428409407,0.0,4719.435133807279,8811.070922487394,0.6545201683613455,1.0763838653109241,0.2710161738424834,0
210,0.009842669565551297,0.7124238118068789,0.006248897783390071,0.22684573428409407,0.0,4719.435133807279,8811.070922487394,0.6545201683613455,1.0763838653109241,0.2704040067981416,0
211,0.009837530672341993,0.7124238118068789,0.006248897783390071,0.22264721818927502,1.266658164823207,4707.484781293518,8833.370261563052,0.6510358966307738,1.0791712826953814,0.27156431474633647,0
212,0.009832379420969945,0.7093881805089,0.006220726233568785,0.22264721818927502,0.0,4707.484781293518,8833.370261563052,0.6510358966307738,1.0791712826953814,0.2709557985208421,0
213,0.009826657577447261,0.7093881805089,0.006220726233568785,0.22264721818927502,0.0,4707.484781293518,8833.370261563052,0.6510358966307738,1.0791712826953814,0.2703450042710074,0
214,0.009820920122967815,0.7093881805089,0.006220726233568785,0.22264721818927502,0.0,4707.484781293518,8833.370261563052,0.6510358966307738,1.0791712826953814,0.2697319097216437,0
215,0.00981545668717284,0.7093881805089,0.006220726233568785,0.2204593434269763,0.6707675528129473,4701.179981480252,8845.109829970434,0.6492015890671204,1.0806387287463042,0.2700589936814796,0
216,0.009810507027508792,0.7077887563890347,0.006205876913124722,0.2204593434269763,0.0,4701.179981480252,8845.109829970434,0.6492015890671204,1.0806387287463042,0.2694456712091486,0
217,0.009804495253602188,0.7077887563890347,0.006205876913124722,0.21992775169614998,0.1641410907515237,4699.639930356501,8847.974770223364,0.6487539421526,1.0809968462779205,0.2690607138891591,0
218,0.009799796603573345,0.7073982936280453,0.006202251121285001,0.21698259879432724,0.9167782540968734,4691.048905296328,8863.937525232457,0.6462597616824293,1.0829921906540572,0.2697393453042716,0
219,0.009795088036157964,0.7052217416045036,0.006182034964472474,0.21698259879432724,0.0,4691.048905296328,8863.937525232457,0.6462597616824293,1.0829921906540572,0.26912619413965483,0
220,0.00978994515350013,0.7052217416045036,0.006182034964472474,0.21698259879432724,0.0,4691.048905296328,8863.937525232457,0.6462597616824293,1.0829921906540572,0.26851071438769614,0
221,0.009784789714238313,0.7052217416045036,0.006182034964472474,0.21486054407569283,0.6691581844533604,4684.79617106738,8875.535268270789,0.6444476143326899,1.0844419085338486,0.26884129169733906,0
222,0.009779291506558731,0.7036393135631802,0.00616733172223883,0.21486054407569283,0.0,4684.79617106738,8875.535268270789,0.6444476143326899,1.0844419085338486,0.2682255876469473,0
223,0.00977377884798984,0.7036393135631802,0.00616733172223883,0.2143405979835625,0.1651236242095419,4683.255987365414,8878.389418951016,0.6440016532889046,1.084798677368877,0.2678415891177167,0
224,0.00976825156856173,0.7032497489977036,0.006163711340311169,0.21146740896108784,0.9198758853237075,4674.686343491794,8894.251087039314,0.6415232676501078,1.0867813858799142,0.26853319057908936,0
225,0.009762709495370142,0.7010837969648294,0.006143576988050611,0.21146740896108784,0.0,4674.686343491794,8894.251087039314,0.6415232676501078,1.0867813858799142,0.26791771396511865,0
226,0.00975868578481159,0.7010837969648294,0.006143576988050611,0.21146740896108784,0.0,4674.686343491794,8894.251087039314,0.6415232676501078,1.0867813858799142,0.2672998804813201,0
227,0.009753267189362397,0.7010837969648294,0.006143576988050611,0.2094644596349319,0.6495062999837373,4668.652569484823,8905.399818674638,0.6397812783320886,1.0881749773343297,0.2676077076148722,0
228,0.009747834462343686,0.6995604072034574,0.0061294103070154765,0.2094644596349319,0.0,4668.652569484823,8905.399818674638,0.6397812783320886,1.0881749773343297,0.2669895289441506,0
229,0.009742387435322648,0.6995604072034574,0.0061294103070154765,0.20867670115031176,0.2573893883530636,4666.2658204035315,8909.805472681848,0.6390928948934618,1.088725684085231,0.26673694787837704,0
230,0.00973726543410635,0.6989581793457244,0.006123808641103286,0.2072531039936475,0.4677628155375923,4661.932786538205,8917.797372778452,0.6378441605033676,1.0897246715973066,0.266786103140623,0
231,0.00973171968908918,0.6978654007570447,0.0061136421961755704,0.2072531039936475,0.0,4661.932786538205,8917.797372778452,0.6378441605033676,1.0897246715973066,0.26616570262013667,0
232,0.009726551196819208,0.6978654007570447,0.0061136421961755704,0.2037337980128014,1.1709081599844442,4651.109563473992,8937.72401109388,0.634730623266582,1.092215501386735,0.267231459500421,0
233,0.00972125042703992,0.6951388505984666,0.006088265425899069,0.2037337980128014,0.0,4651.109563473992,8937.72401109388,0.634730623266582,1.092215501386735,0.26661431817443976,0
234,0.009716707534579589,0.6951388505984666,0.006088265425899069,0.2037337980128014,0.0,4651.109563473992,8937.72401109388,0.634730623266582,1.092215501386735,0.2659947956247998,0
235,0.009712155433771442,0.6951388505984666,0.006088265425899069,0.2037337980128014,0.0,4651.109563473992,8937.72401109388,0.634730623266582,1.092215501386735,0.2653728678491296,0
236,0.009707594006529026,0.6951388505984666,0.006088265425899069,0.20039146266766214,1.1326497419559534,4640.679938993362,8956.877568208787,0.6317378799673774,1.0946096960260985,0.2663897206725847,0
237,0.00970227833013241,0.6925155583768128,0.006063834558007355,0.20039146266766214,0.0,4640.679938993362,8956.877568208787,0.6317378799673774,1.0946096960260985,0.2657708273977391,0
238,0.009696948812942514,0.6925155583768128,0.006063834558007355,0.20039146266766214,0.0,4640.679938993362,8956.877568208787,0.6317378799673774,1.0946096960260985,0.2651495317578233,0
239,0.009692633020385038,0.6925155583768128,0.006063834558007355,0.20039146266766214,0.0,4640.679938993362,8956.877568208787,0.6317378799673774,1.0946096960260985,0.2645258093908279,0
240,0.009687278783157508,0.6925155583768128,0.006063834558007355,0.19653695247881767,1.3318205274314037,4628.4637543458375,8979.251641756091,0.6282419309756113,1.0974064552195113,0.26584073111880346,0
241,0.009681910467460841,0.6894480306992196,0.006035246821259837,0.19653695247881767,0.0,4628.4637543458375,8979.251641756091,0.6282419309756113,1.0974064552195113,0.26522148197448725,0
242,0.009676571099314323,0.6894480306992196,0.006035246821259837,0.19653695247881767,0.0,4628.4637543458375,8979.251641756091,0.6282419309756113,1.0974064552195113,0.2645998227189195,0
243,0.009672428493879306,0.6894480306992196,0.006035246821259837,0.19653695247881767,0.0,4628.4637543458375,8979.251641756091,0.6282419309756113,1.0974064552195113,0.26397572884651227,0
244,0.009668278863581164,0.6894480306992196,0.006035246821259837,0.19569611286663227,0.29455668154353526,4625.771378352917,8984.17399181277,0.6274728137792555,1.0980217489765962,0.2637781716787673,0
245,0.009663832301661743,0.6887727096049093,0.006028950243825952,0.19488967458411702,0.28380480994025,4623.179746224255,8988.909166288282,0.6267329427674566,1.0986136457860352,0.2635650208415164,0
246,0.009658848768702493,0.6881229117906242,0.0060228906170785015,0.19393015969529515,0.339329926149774,4620.08407317212,8994.56143060239,0.6258497764683768,1.0993201788252989,0.2634330662880604,0
247,0.009653853152764907,0.6873470627990859,0.006015654183408904,0.19377997686648335,0.053289629119953406,4619.598342246303,8995.447927273268,0.6257112613635523,1.0994309909091584,0.2628833842479259,0
248,0.009648032528636045,0.6872253593981814,0.0060145189094341234,0.18950658990612326,1.533561856645014,4605.638857336288,9020.88105296469,0.6217373354742676,1.1026101316205863,0.2645117107526751,0
249,0.00964219492595309,0.6837314519687094,0.005981911418865241,0.18950658990612326,0.0,4605.638857336288,9020.88105296469,0.6217373354742676,1.1026101316205863,0.26389064806461365,0
250,0.009637984193556997,0.6837314519687094,0.005981911418865241,0.18950658990612326,0.0,4605.638857336288,9020.88105296469,0.6217373354742676,1.1026101316205863,0.2632671488993475,0
251,0.009633765932679011,0.6837314519687094,0.005981911418865241,0.18950658990612326,0.0,4605.638857336288,9020.88105296469,0.6217373354742676,1.1026101316205863,0.26264118828436117,0
252,0.009628245116676308,0.6837314519687094,0.005981911418865241,0.18950658990612326,0.0,4605.638857336288,9020.88105296469,0.6217373354742676,1.1026101316205863,0.26201274083143,0
253,0.009622709028416878,0.6837314519687094,0.005981911418865241,0.18668281172765153,1.0345468540473528,4596.2646346130305,9037.912437644565,0.6190761816180372,1.1047390547055707,0.2629092164409675,0
254,0.009617165242944464,0.6813892478134084,0.00596003502223136,0.18668281172765153,0.0,4596.2646346130305,9037.912437644565,0.6190761816180372,1.1047390547055707,0.26228324992368507,0
255,0.009613816184882888,0.6813892478134084,0.00596003502223136,0.18668281172765153,0.0,4596.2646346130305,9037.912437644565,0.6190761816180372,1.1047390547055707,0.26165479312718337,0
256,0.009608931297057175,0.6813892478134084,0.00596003502223136,0.18658302664421303,0.03689957385559492,4595.9311373909495,9038.517639484955,0.6189816188304762,1.1048147049356194,0.2610781924405737,0
257,0.009604034910008464,0.6813059817432482,0.005959257045909678,0.18218972760310687,1.643959699923593,4581.092994585659,9065.395499108941,0.6147819532642282,1.1081744373886178,0.26288975241099094,0
258,0.009599126876996501,0.6776054468282166,0.005924663196904229,0.18218972760310687,0.0,4581.092994585659,9065.395499108941,0.6147819532642282,1.1081744373886178,0.2622660134490896,0
259,0.009594207048608333,0.6776054468282166,0.005924663196904229,0.18218972760310687,0.0,4581.092994585659,9065.395499108941,0.6147819532642282,1.1081744373886178,0.2616398017389914,0
260,0.009588935775514739,0.6776054468282166,0.005924663196904229,0.18218972760310687,0.0,4581.092994585659,9065.395499108941,0.6147819532642282,1.1081744373886178,0.26101109166818953,0
261,0.009584799648672886,0.6776054468282166,0.005924663196904229,0.18218972760310687,0.0,4581.092994585659,9065.395499108941,0.6147819532642282,1.1081744373886178,0.2603798571932777,0
262,0.009580263962546126,0.6776054468282166,0.005924663196904229,0.18103932811652035,0.4380391897617779,4577.1565190227475,9072.509921575183,0.6136703247538781,1.109063740196898,0.2603967158099743,0
263,0.00957565699739499,0.6766250903588056,0.0059154922014814995,0.18103932811652035,0.0,4577.1565190227475,9072.509921575183,0.6136703247538781,1.109063740196898,0.25976360953975247,0
264,0.00956925197138729,0.6766250903588056,0.0059154922014814995,0.17745961820710196,1.38150200918549,4564.767489403867,9094.856599350676,0.6101786563514574,1.1118570749188346,0.26119375128162314,0
265,0.009563878786731093,0.6735434386398353,0.005886646349561262,0.17745961820710196,0.0,4564.767489403867,9094.856599350676,0.6101786563514574,1.1118570749188346,0.26056578043004763,0
266,0.009558490985538582,0.6735434386398353,0.005886646349561262,0.17745961820710196,0.0,4564.767489403867,9094.856599350676,0.6101786563514574,1.1118570749188346,0.25993528680280054,0
267,0.009553088383582424,0.6735434386398353,0.005886646349561262,0.17745961820710196,0.0,4564.767489403867,9094.856599350676,0.6101786563514574,1.1118570749188346,0.2593022439184581,0
268,0.009548809094812602,0.6735434386398353,0.005886646349561262,0.17744289832890736,0.006531061149339616,4564.7091186266325,9094.961727040889,0.6101622301498617,1.111870215880111,0.2586763596707262,0
269,0.009543309907318876,0.6735289329995928,0.005886510504465466,0.17278697958068026,1.8421867039395097,4548.266798389778,9124.515737164686,0.6055444160680187,1.1155644671455855,0.2608121062932277,0
270,0.009537795227179811,0.6694479299214294,0.0058482671171370786,0.17278697958068026,0.0,4548.266798389778,9124.515737164686,0.6055444160680187,1.1155644671455855,0.2601851885595318,0
271,0.009532952376169678,0.6694479299214294,0.0058482671171370786,0.17278697958068026,0.0,4548.266798389778,9124.515737164686,0.6055444160680187,1.1155644671455855,0.2595557528267479,0
272,0.009528054689770782,0.6694479299214294,0.0058482671171370786,0.17278697958068026,0.0,4548.266798389778,9124.515737164686,0.6055444160680187,1.1155644671455855,0.25892377266934885,0
273,0.009522083129418888,0.6694479299214294,0.0058482671171370786,0.17278697958068026,0.0,4548.266798389778,9124.515737164686,0.6055444160680187,1.1155644671455855,0.25828922121132747,0
274,0.009516093267671494,0.6694479299214294,0.0058482671171370786,0.17278697958068026,0.0,4548.266798389778,9124.515737164686,0.6055444160680187,1.1155644671455855,0.2576520711155298,0
275,0.009510084877394994,0.6694479299214294,0.0058482671171370786,0.16976459368202768,1.225530600039568,4537.387102281353,9144.006496760474,0.6024989848811767,1.118000812095059,0.25886163550375196,0
276,0.00950626438727501,0.6667531184966555,0.005822985910076025,0.16976459368202768,0.0,4537.387102281353,9144.006496760474,0.6024989848811767,1.118000812095059,0.25822856810719935,0
277,0.009502438515487379,0.6667531184966555,0.005822985910076025,0.16976459368202768,0.0,4537.387102281353,9144.006496760474,0.6024989848811767,1.118000812095059,0.2575929136071521,0
278,0.009498089405933285,0.6667531184966555,0.005822985910076025,0.16976459368202768,0.0,4537.387102281353,9144.006496760474,0.6024989848811767,1.118000812095059,0.25695464437631776,0
279,0.009493731627854286,0.6667531184966555,0.005822985910076025,0.16765222637751515,0.8709134499687547,4529.683376156973,9157.776372820692,0.6003474417467676,1.1197220466025866,0.2576300397850286,0
280,0.00948772100505175,0.6648476399543063,0.00580509589716662,0.16765222637751515,0.0,4529.683376156973,9157.776372820692,0.6003474417467676,1.1197220466025866,0.25699316994965726,0
281,0.009481691602906699,0.6648476399543063,0.00580509589716662,0.16765222637751515,0.0,4529.683376156973,9157.776372820692,0.6003474417467676,1.1197220466025866,0.25635366924840813,0
282,0.009477537659620438,0.6648476399543063,0.00580509589716662,0.16540796432135602,0.938345457766803,4521.406171003378,9172.54248426363,0.5980402368338087,1.1215678105329536,0.25713369109406287,0
283,0.009473376251708819,0.6628027838545777,0.005785884172231246,0.16540796432135602,0.0,4521.406171003378,9172.54248426363,0.5980402368338087,1.1215678105329536,0.256496121076661,0
284,0.009469199507936834,0.6628027838545777,0.005785884172231246,0.16540796432135602,0.0,4521.406171003378,9172.54248426363,0.5980402368338087,1.1215678105329536,0.255855909294707,0
285,0.009462804701998454,0.6628027838545777,0.005785884172231246,0.16407087537751064,0.5658081526668778,4516.428512840108,9181.408000329286,0.59665499994855,1.1226760000411606,0.25607103121365893,0
286,0.00945638875145483,0.6615743023277345,0.005774335735202789,0.16407087537751064,0.0,4516.428512840108,9181.408000329286,0.59665499994855,1.1226760000411606,0.2554298677227601,0
287,0.009451308861832883,0.6615743023277345,0.005774335735202789,0.16238220569586867,0.7216537046089612,4510.091659457353,9192.67871123082,0.5948939513701852,1.1240848389038525,0.25588290506561223,0
288,0.009446215819710625,0.6600117125372662,0.005759639115351483,0.16238220569586867,0.0,4510.091659457353,9192.67871123082,0.5948939513701852,1.1240848389038525,0.25524200359583715,0
289,0.009441109451429203,0.6600117125372662,0.005759639115351483,0.16238220569586867,0.0,4510.091659457353,9192.67871123082,0.5948939513701852,1.1240848389038525,0.2545984195612206,0
290,0.009435989580025395,0.6600117125372662,0.005759639115351483,0.15825488441321245,1.7967739202316466,4494.360493052802,9220.58252945896,0.5905339797720385,1.12757281618237,0.2567040298923453,0
291,0.00943146185431575,0.6561390928395434,0.0057231794890854415,0.15825488441321245,0.0,4494.360493052802,9220.58252945896,0.5905339797720385,1.12757281618237,0.2560691393999109,0
292,0.009426924365831982,0.6561390928395434,0.0057231794890854415,0.15825488441321245,0.0,4494.360493052802,9220.58252945896,0.5905339797720385,1.12757281618237,0.25543162493443256,0
293,0.009422376979344359,0.6561390928395434,0.0057231794890854415,0.15825488441321245,0.0,4494.360493052802,9220.58252945896,0.5905339797720385,1.12757281618237,0.25479145815554655,0
294,0.009417819557021504,0.6561390928395434,0.0057231794890854415,0.15825488441321245,0.0,4494.360493052802,9220.58252945896,0.5905339797720385,1.12757281618237,0.2541486102256041,0
295,0.009412199304235648,0.6561390928395434,0.0057231794890854415,0.15825488441321245,0.0,4494.360493052802,9220.58252945896,0.5905339797720385,1.12757281618237,0.253503051797548,0
296,0.009406953759599334,0.6561390928395434,0.0057231794890854415,0.15481943897068964,1.5349794498789247,4480.993618443955,9244.207915025214,0.5868425132773109,1.1305259893781519,0.2552127711748256,0
297,0.009401944137085423,0.6528557818847233,0.005692225958369467,0.15481943897068964,0.0,4480.993618443955,9244.207915025214,0.5868425132773109,1.1305259893781519,0.2545739362600909,0
298,0.00939685316308863,0.6528557818847233,0.005692225958369467,0.15481943897068964,0.0,4480.993618443955,9244.207915025214,0.5868425132773109,1.1305259893781519,0.25393242905806584,0
299,0.00939174875122452,0.6528557818847233,0.005692225958369467,0.15481943897068964,0.0,4480.993618443955,9244.207915025214,0.5868425132773109,1.1305259893781519,0.25328822035481857,0
300,0.00938663072079567,0.6528557818847233,0.005692225958369467,0.15481943897068964,0.0,4480.993618443955,9244.207915025214,0.5868425132773109,1.1305259893781519,0.25264128041752015,0
301,0.009382181998403415,0.6528557818847233,0.005692225958369467,0.15241547222408294,1.0965853291403185,4471.486792616808,9260.96350376918,0.5842244525360664,1.1326204379711475,0.25367823085378255,0
302,0.009377723787366742,0.6505246897167769,0.005670225235933984,0.15241547222408294,0.0,4471.486792616808,9260.96350376918,0.5842244525360664,1.1326204379711475,0.25303456917409606,0
303,0.009372376578865133,0.6505246897167769,0.005670225235933984,0.15241547222408294,0.0,4471.486792616808,9260.96350376918,0.5842244525360664,1.1326204379711475,0.2523881781634815,0
304,0.009367014163104691,0.6505246897167769,0.005670225235933984,0.15241547222408294,0.0,4471.486792616808,9260.96350376918,0.5842244525360664,1.1326204379711475,0.25173902757386035,0
305,0.009363840238109763,0.6505246897167769,0.005670225235933984,0.14882553065079693,1.6719247531430077,4457.045730774251,9286.340344197335,0.5802593212191671,1.135792543024667,0.25367273315441097,0
306,0.009358458111850872,0.6469901971382658,0.005636827158838221,0.14882553065079693,0.0,4457.045730774251,9286.340344197335,0.5802593212191671,1.135792543024667,0.2530315266240096,0
307,0.009353060786840514,0.6469901971382658,0.005636827158838221,0.14882553065079693,0.0,4457.045730774251,9286.340344197335,0.5802593212191671,1.135792543024667,0.25238761151330313,0
308,0.009347648062023319,0.6469901971382658,0.005636827158838221,0.14882553065079693,0.0,4457.045730774251,9286.340344197335,0.5802593212191671,1.135792543024667,0.251740957918937,0
309,0.009342219732462551,0.6469901971382658,0.005636827158838221,0.14882553065079693,0.0,4457.045730774251,9286.340344197335,0.5802593212191671,1.135792543024667,0.2510915354011347,0
310,0.009336775589238816,0.6469901971382658,0.005636827158838221,0.14816101884290217,0.31464772876478614,4454.33967075344,9291.08552851661,0.5795178861692807,1.1363856910645762,0.2509241875299658,0
311,0.009333800885843676,0.6463287514467434,0.005630571593362192,0.14773786156598984,0.20118174651605486,4452.610995581378,9294.115162196642,0.5790445059067757,1.13676439527458,0.2505817551096282,0
312,0.009328931431511674,0.6459063530609999,0.005626575884799788,0.145949733055299,0.8565211146361293,4445.258580890255,9306.986304183629,0.5770333899713087,1.1383732880229536,0.25125312547045536,0
313,0.009324049880033599,0.6441110584534553,0.005609585149669602,0.145949733055299,0.0,4445.258580890255,9306.986304183629,0.5770333899713087,1.1383732880229536,0.2506036691877387,0
314,0.009319156064631674,0.6441110584534553,0.005609585149669602,0.145949733055299,0.0,4445.258580890255,9306.986304183629,0.5770333899713087,1.1383732880229536,0.24995140724860077,0
315,0.009314249815256716,0.6441110584534553,0.005609585149669602,0.14370092581431632,1.0931496184861638,4435.900614178476,9323.334365993749,0.5744790053134772,1.1404167957492186,0.2509923471132711,0
316,0.009309330958501763,0.6418289901168475,0.0055879685475273356,0.14370092581431632,0.0,4435.900614178476,9323.334365993749,0.5744790053134772,1.1404167957492186,0.25034341871363497,0
317,0.0093039191438245,0.6418289901168475,0.0055879685475273356,0.14370092581431632,0.0,4435.900614178476,9323.334365993749,0.5744790053134772,1.1404167957492186,0.2496916863045907,0
318,0.00929849156780148,0.6418289901168475,0.0055879685475273356,0.14370092581431632,0.0,4435.900614178476,9323.334365993749,0.5744790053134772,1.1404167957492186,0.24903711821611055,0
319,0.00929311257632715,0.6418289901168475,0.0055879685475273356,0.14018220165195971,1.7469097554067259,4421.001005549035,9349.284928796613,0.5704242298755299,1.1436606160995766,0.2511048987510619,0
320,0.00929000565046371,0.6382023099727369,0.005553570304145595,0.14018220165195971,0.0,4421.001005549035,9349.284928796613,0.5704242298755299,1.1436606160995766,0.2504590971810469,0
321,0.009284814964833273,0.6382023099727369,0.005553570304145595,0.14018220165195971,0.0,4421.001005549035,9349.284928796613,0.5704242298755299,1.1436606160995766,0.2498105198435266,0
322,0.009279610038685323,0.6382023099727369,0.005553570304145595,0.14018220165195971,0.0,4421.001005549035,9349.284928796613,0.5704242298755299,1.1436606160995766,0.24915913555383137,0
323,0.009274390677483991,0.6382023099727369,0.005553570304145595,0.14018220165195971,0.0,4421.001005549035,9349.284928796613,0.5704242298755299,1.1436606160995766,0.2485049125579765,0
324,0.009269156682848953,0.6382023099727369,0.005553570304145595,0.14018220165195971,0.0,4421.001005549035,9349.284928796613,0.5704242298755299,1.1436606160995766,0.2478478185182186,0
325,0.009263907852452844,0.6382023099727369,0.005553570304145595,0.13634613949398416,1.9586867629851956,4404.384771589772,9378.111530150814,0.5659200734139358,1.147263941268852,0.2502563660656486,0
326,0.009260520547316678,0.6341676425702502,0.005515235307880114,0.13634613949398416,0.0,4404.384771589772,9378.111530150814,0.5659200734139358,1.147263941268852,0.24960989696866334,0
327,0.009256879934710634,0.6341676425702502,0.005515235307880114,0.13634613949398416,0.0,4404.384771589772,9378.111530150814,0.5659200734139358,1.147263941268852,0.2489606368978827,0
328,0.009252164730960383,0.6341676425702502,0.005515235307880114,0.13634613949398416,0.0,4404.384771589772,9378.111530150814,0.5659200734139358,1.147263941268852,0.24830855435784038,0
329,0.009247438067461608,0.6341676425702502,0.005515235307880114,0.13634613949398416,0.0,4404.384771589772,9378.111530150814,0.5659200734139358,1.147263941268852,0.24765361727549867,0
330,0.009242699778927667,0.6341676425702502,0.005515235307880114,0.13634613949398416,0.0,4404.384771589772,9378.111530150814,0.5659200734139358,1.147263941268852,0.24699579298552976,0
331,0.009236579068331308,0.6341676425702502,0.005515235307880114,0.13502009308078236,0.6917586432610767,4398.546837250876,9388.210967812767,0.5643420362792557,1.1485263709765958,0.24741531742686904,0
332,0.00923295166399301,0.632752574260453,0.005501772928335378,0.13502009308078236,0.0,4398.546837250876,9388.210967812767,0.5643420362792557,1.1485263709765958,0.24675751094705137,0
333,0.00922931982604508,0.632752574260453,0.005501772928335378,0.13492301261537998,0.050962789803254,4398.117495410611,9388.953130866274,0.5642260733021454,1.1486191413582842,0.24617619542379346,0
334,0.009225683473881184,0.6326485559517743,0.00550078298094614,0.1315517041831687,1.7916429372098723,4383.03953730123,9414.966208489606,0.5601615299234997,1.1518707760612008,0.24832988173987272,0
335,0.009219838623204827,0.6289999684486103,0.005466027483082947,0.1315517041831687,0.0,4383.03953730123,9414.966208489606,0.5601615299234997,1.1518707760612008,0.2476789513471248,0
336,0.009213975014011281,0.6289999684486103,0.005466027483082947,0.1315517041831687,0.0,4383.03953730123,9414.966208489606,0.5601615299234997,1.1518707760612008,0.24702516925936557,0
337,0.009208092392060978,0.6289999684486103,0.005466027483082947,0.1315517041831687,0.0,4383.03953730123,9414.966208489606,0.5601615299234997,1.1518707760612008,0.24636850281856107,0
338,0.00920327059719577,0.6289999684486103,0.005466027483082947,0.1315517041831687,0.0,4383.03953730123,9414.966208489606,0.5601615299234997,1.1518707760612008,0.24570891875884862,0
339,0.009198436492399325,0.6289999684486103,0.005466027483082947,0.1315517041831687,0.0,4383.03953730123,9414.966208489606,0.5601615299234997,1.1518707760612008,0.24504638319081537,0
340,0.009193589898675813,0.6289999684486103,0.005466027483082947,0.12831267411035385,1.7685205510605426,4368.235260617217,9440.411072883258,0.5561857698619915,1.1550513841104073,0.24716860706623822,0
341,0.009187975918537266,0.6254259523210357,0.005431921118883517,0.12831267411035385,0.0,4368.235260617217,9440.411072883258,0.5561857698619915,1.1550513841104073,0.24651533040311477,0
342,0.009182344694064806,0.6254259523210357,0.005431921118883517,0.12831267411035385,0.0,4368.235260617217,9440.411072883258,0.5561857698619915,1.1550513841104073,0.2458591678881041,0
343,0.009176695988517601,0.6254259523210357,0.005431921118883517,0.12831267411035385,0.0,4368.235260617217,9440.411072883258,0.5561857698619915,1.1550513841104073,0.24520008619476336,0
344,0.009171029560378652,0.6254259523210357,0.005431921118883517,0.12831267411035385,0.0,4368.235260617217,9440.411072883258,0.5561857698619915,1.1550513841104073,0.24453805137114626,0
345,0.009165863535325992,0.6254259523210357,0.005431921118883517,0.12831267411035385,0.0,4368.235260617217,9440.411072883258,0.5561857698619915,1.1550513841104073,0.24387302882348505,0
346,0.009160682799373853,0.6254259523210357,0.005431921118883517,0.12483862331039082,1.9506371403423428,4351.993383968083,9468.217375386032,0.5518410350959331,1.158527171923254,0.24629021500197973,0
347,0.009157082862219328,0.6215143970707233,0.005394521727169187,0.12483862331039082,0.0,4351.993383968083,9468.217375386032,0.5518410350959331,1.158527171923254,0.24563611265976643,0
348,0.009153478659871336,0.6215143970707233,0.005394521727169187,0.12483862331039082,0.0,4351.993383968083,9468.217375386032,0.5518410350959331,1.158527171923254,0.24497910680820303,0
349,0.009149805551702849,0.6215143970707233,0.005394521727169187,0.12483862331039082,0.0,4351.993383968083,9468.217375386032,0.5518410350959331,1.158527171923254,0.24431916375346804,0
350,0.009143839755921618,0.6215143970707233,0.005394521727169187,0.12483862331039082,0.0,4351.993383968083,9468.217375386032,0.5518410350959331,1.158527171923254,0.24365624916623935,0
351,0.009137854142326986,0.6215143970707233,0.005394521727169187,0.12483862331039082,0.0,4351.993383968083,9468.217375386032,0.5518410350959331,1.158527171923254,0.24299032806503407,0
352,0.009131848437684893,0.6215143970707233,0.005394521727169187,0.12337805778945884,0.838513378067408,4345.048066449253,9480.072907875117,0.5499886081445137,1.1600091134843895,0.24364351648552976,0
353,0.009127447307196291,0.6198447901518154,0.0053785346235135445,0.12337805778945884,0.0,4345.048066449253,9480.072907875117,0.5499886081445137,1.1600091134843895,0.242978875354787,0
354,0.009123036563997263,0.6198447901518154,0.0053785346235135445,0.12337805778945884,0.0,4345.048066449253,9480.072907875117,0.5499886081445137,1.1600091134843895,0.2423112036008344,0
355,0.009118616059084301,0.6198447901518154,0.0053785346235135445,0.1210837451623318,1.338270781992257,4333.993252883125,9498.900114671816,0.5470468570825293,1.162362514333977,0.24375805239255008,0
356,0.009111917595933527,0.6171910530496845,0.005353094351191237,0.1210837451623318,0.0,4333.993252883125,9498.900114671816,0.5470468570825293,1.162362514333977,0.24309606646959925,0
357,0.009106533728621712,0.6171910530496845,0.005353094351191237,0.1210837451623318,0.0,4333.993252883125,9498.900114671816,0.5470468570825293,1.162362514333977,0.2424310755411235,0
358,0.009101133757323425,0.6171910530496845,0.005353094351191237,0.1210837451623318,0.0,4333.993252883125,9498.900114671816,0.5470468570825293,1.162362514333977,0.24176304394188214,0
359,0.00909571745169294,0.6171910530496845,0.005353094351191237,0.12040530886521225,0.40133778646739204,4330.6896260560125,9504.516160787285,0.5461693498769874,1.1630645200984107,0.24172499611639442,0
360,0.009090570640302338,0.61639890660686,0.005345493180759645,0.12040530886521225,0.0,4330.6896260560125,9504.516160787285,0.5461693498769874,1.1630645200984107,0.2410543603307836,0
361,0.00908653321350273,0.61639890660686,0.005345493180759645,0.11724256392915017,1.9006650213965026,4315.073105185945,9530.99961939199,0.5420313094700022,1.1663749524239988,0.2434024878114331,0
362,0.009079974446724232,0.6126599608251486,0.0053095698845485135,0.11724256392915017,0.0,4315.073105185945,9530.99961939199,0.5420313094700022,1.1663749524239988,0.2427425741912417,0
363,0.009073391676110053,0.6126599608251486,0.0053095698845485135,0.11724256392915017,0.0,4315.073105185945,9530.99961939199,0.5420313094700022,1.1663749524239988,0.24207967000221894,0
364,0.009068485530500726,0.6126599608251486,0.0053095698845485135,0.11724256392915017,0.0,4315.073105185945,9530.99961939199,0.5420313094700022,1.1663749524239988,0.24141373981039646,0
365,0.009063566424027416,0.6126599608251486,0.0053095698845485135,0.11724256392915017,0.0,4315.073105185945,9530.99961939199,0.5420313094700022,1.1663749524239988,0.2407447474993398,0
366,0.009058634163569054,0.6126599608251486,0.0053095698845485135,0.11724256392915017,0.0,4315.073105185945,9530.99961939199,0.5420313094700022,1.1663749524239988,0.24007265625187726,0
367,0.00905368855191872,0.6126599608251486,0.0053095698845485135,0.11521622857264652,1.2477347553788842,4304.875307904141,9548.236609339223,0.5393380297907471,1.1685295761674028,0.24137864356660244,0
368,0.009048644821573004,0.6102233692517823,0.005286118038416002,0.11521622857264652,0.0,4304.875307904141,9548.236609339223,0.5393380297907471,1.1685295761674028,0.24071151315509207,0
369,0.009043587023561856,0.6102233692517823,0.005286118038416002,0.11521622857264652,0.0,4304.875307904141,9548.236609339223,0.5393380297907471,1.1685295761674028,0.2400413006086756,0
370,0.00903851494753929,0.6102233692517823,0.005286118038416002,0.11521622857264652,0.0,4304.875307904141,9548.236609339223,0.5393380297907471,1.1685295761674028,0.23936796869340124,0
371,0.009034315414264882,0.6102233692517823,0.005286118038416002,0.11357674632520919,1.0271259430549313,4296.510320062641,9562.342014452879,0.5371340602417384,1.17029275180661,0.24032255263558538,0
372,0.00903010767732054,0.6082276424308796,0.005266884511265058,0.11357674632520919,0.0,4296.510320062641,9562.342014452879,0.5371340602417384,1.17029275180661,0.23965221042451676,0
373,0.009025891602901993,0.6082276424308796,0.005266884511265058,0.11357674632520919,0.0,4296.510320062641,9562.342014452879,0.5371340602417384,1.17029275180661,0.23897874257002433,0
374,0.009021667054312428,0.6082276424308796,0.005266884511265058,0.113229624791276,0.21969589496448302,4294.725855768211,9565.34713134012,0.536664510728107,1.1706683914175149,0.2386499216646831,0
375,0.009016915519777511,0.6078022470007256,0.005262781878155271,0.11187975344699705,0.8606932966815426,4287.741254598502,9577.096240220202,0.5348287124655944,1.1721370300275251,0.2393392670351638,0
376,0.009012151719082916,0.6061383627696505,0.005246724843900955,0.11187975344699705,0.0,4287.741254598502,9577.096240220202,0.5348287124655944,1.1721370300275251,0.23866610828922516,0
377,0.009006046557792207,0.6061383627696505,0.005246724843900955,0.11187975344699705,0.0,4287.741254598502,9577.096240220202,0.5348287124655944,1.1721370300275251,0.23798978455131717,0
378,0.008999920176684715,0.6061383627696505,0.005246724843900955,0.10987591413250804,1.2978428872191403,4277.237329535781,9594.725570834244,0.5320741295571502,1.1743406963542804,0.2393777379932827,0
379,0.008993772273356718,0.6036395887836637,0.005222580311758092,0.10987591413250804,0.0,4277.237329535781,9594.725570834244,0.5320741295571502,1.1743406963542804,0.23870689363218064,0
380,0.008989349805390352,0.6036395887836637,0.005222580311758092,0.10987591413250804,0.0,4277.237329535781,9594.725570834244,0.5320741295571502,1.1743406963542804,0.23803290654387743,0
381,0.008984917462743767,0.6036395887836637,0.005222580311758092,0.10987591413250804,0.0,4277.237329535781,9594.725570834244,0.5320741295571502,1.1743406963542804,0.23735573822729453,0
382,0.008980475086323013,0.6036395887836637,0.005222580311758092,0.10872157515795534,0.7596520384609611,4271.111006002279,9604.985661714894,0.5304709903570484,1.1756232077143618,0.2378835093321889,0
383,0.008974397569514665,0.6021841371325214,0.005208499757465652,0.10872157515795534,0.0,4271.111006002279,9604.985661714894,0.5304709903570484,1.1756232077143618,0.23720689398320877,0
384,0.008969199990391313,0.6021841371325214,0.005208499757465652,0.10872157515795534,0.0,4271.111006002279,9604.985661714894,0.5304709903570484,1.1756232077143618,0.23652706137807195,0
385,0.008963987089304242,0.6021841371325214,0.005208499757465652,0.10576286571013825,1.9846877890712298,4255.147890780921,9631.643625523713,0.5263056835119208,1.178955453190464,0.23902124017176551,0
386,0.008959073009606168,0.5983984334953281,0.0051718149356189,0.10576286571013825,0.0,4255.147890780921,9631.643625523713,0.5263056835119208,1.178955453190464,0.2383532528533434,0
387,0.008953859010172364,0.5983984334953281,0.0051718149356189,0.10576286571013825,0.0,4255.147890780921,9631.643625523713,0.5263056835119208,1.178955453190464,0.23768214489805103,0
388,0.008948629580423667,0.5983984334953281,0.0051718149356189,0.10576286571013825,0.0,4255.147890780921,9631.643625523713,0.5263056835119208,1.178955453190464,0.23700787818240587,0
389,0.008943384486138592,0.5983984334953281,0.0051718149356189,0.10576286571013825,0.0,4255.147890780921,9631.643625523713,0.5263056835119208,1.178955453190464,0.23633041382570655,0
390,0.008940303163929403,0.5983984334953281,0.0051718149356189,0.10576286571013825,0.0,4255.147890780921,9631.643625523713,0.5263056835119208,1.178955453190464,0.23564971216912095,0
391,0.008936096964433775,0.5983984334953281,0.0051718149356189,0.10449650162856401,0.8687779514416875,4248.1972673759265,9643.216502339284,0.5244974215094873,1.1804020627924106,0.23635077813803773,0
392,0.008931882326812664,0.5967531030859331,0.00515584325584813,0.10449650162856401,0.0,4248.1972673759265,9643.216502339284,0.5244974215094873,1.1804020627924106,0.23567163158445645,0
393,0.00892765910808261,0.5967531030859331,0.00515584325584813,0.10449650162856401,0.0,4248.1972673759265,9643.216502339284,0.5244974215094873,1.1804020627924106,0.2349892225366153,0
394,0.008921726201737513,0.5967531030859331,0.00515584325584813,0.10259895421176678,1.3225107719382603,4237.644788119234,9660.74654716436,0.5217583520055692,1.182593318395545,0.23641768275802902,0
395,0.008915772705798559,0.5942586715739241,0.005131596194902329,0.10259895421176678,0.0,4237.644788119234,9660.74654716436,0.5217583520055692,1.182593318395545,0.23574107416556828,0
396,0.008912349828950745,0.5942586715739241,0.005131596194902329,0.10259895421176678,0.0,4237.644788119234,9660.74654716436,0.5217583520055692,1.182593318395545,0.23506122837332447,0
397,0.008908923946226261,0.5942586715739241,0.005131596194902329,0.10259895421176678,0.0,4237.644788119234,9660.74654716436,0.5217583520055692,1.182593318395545,0.23437810487372104,0
398,0.008904499451939591,0.5942586715739241,0.005131596194902329,0.10163452037451823,0.6827324697618141,4232.2166542084915,9669.745132763044,0.5203523230057748,1.1837181415953804,0.2347804714054363,0
399,0.008900064887430887,0.5929772042781983,0.005119124053680611,0.10163452037451823,0.0,4232.2166542084915,9669.745132763044,0.5203523230057748,1.1837181415953804,0.234097144029708,0
400,0.008895620085774627,0.5929772042781983,0.005119124053680611,0.10130029778519141,0.23833700349916961,4230.325155666391,9672.877803170213,0.5198628432546549,1.1841097253962765,0.23378989905775382,0
401,0.008888547088978857,0.5925309256553667,0.005114778028673783,0.10019148100435682,0.7963044850849629,4224.011050049111,9683.323919995542,0.5182306375006969,1.185415489999443,0.23437336245557466,0
402,0.008883536280418203,0.5910421692574835,0.0051002704416402605,0.10019148100435682,0.0,4224.011050049111,9683.323919995542,0.5182306375006969,1.185415489999443,0.23368981523982169,0
403,0.008878511453673351,0.5910421692574835,0.0051002704416402605,0.10019148100435682,0.0,4224.011050049111,9683.323919995542,0.5182306375006969,1.185415489999443,0.23300293507633646,0
404,0.00887347239082985,0.5910421692574835,0.0051002704416402605,0.09765682833279363,1.8541740335617742,4209.347619992122,9707.516718750408,0.5144505126952492,1.1884395898438012,0.2352890000117406,0
405,0.008868418869150293,0.5875906594818228,0.005066578984080127,0.09765682833279363,0.0,4209.347619992122,9707.516718750408,0.5144505126952492,1.1884395898438012,0.23461300938884225,0
406,0.008863350660930504,0.5875906594818228,0.005066578984080127,0.09765682833279363,0.0,4209.347619992122,9707.516718750408,0.5144505126952492,1.1884395898438012,0.2339337719377908,0
407,0.008859232357070774,0.5875906594818228,0.005066578984080127,0.09765682833279363,0.0,4209.347619992122,9707.516718750408,0.5144505126952492,1.1884395898438012,0.23325124687149995,0
408,0.008855106156898726,0.5875906594818228,0.005066578984080127,0.09765682833279363,0.0,4209.347619992122,9707.516718750408,0.5144505126952492,1.1884395898438012,0.23256539256969092,0
409,0.008850971920780187,0.5875906594818228,0.005066578984080127,0.09765682833279363,0.0,4209.347619992122,9707.516718750408,0.5144505126952492,1.1884395898438012,0.23187616655522367,0
410,0.008845082239474437,0.5875906594818228,0.005066578984080127,0.0951127101218574,1.9135696092985002,4194.294838286715,9732.255194226138,0.5105851259021666,1.191531899278267,0.234258310548703,0
411,0.008839171961461537,0.5840560503221421,0.005031991359610723,0.0951127101218574,0.0,4194.294838286715,9732.255194226138,0.5105851259021666,1.191531899278267,0.23358061321946508,0
412,0.008835314989691244,0.5840560503221421,0.005031991359610723,0.0951127101218574,0.0,4194.294838286715,9732.255194226138,0.5105851259021666,1.191531899278267,0.23289963821925677,0
413,0.00883145193054497,0.5840560503221421,0.005031991359610723,0.0951127101218574,0.0,4194.294838286715,9732.255194226138,0.5105851259021666,1.191531899278267,0.23221534408537584,0
414,0.008826681325127953,0.5840560503221421,0.005031991359610723,0.0951127101218574,0.0,4194.294838286715,9732.255194226138,0.5105851259021666,1.191531899278267,0.23152768850215905,0
415,0.00882189800204491,0.5840560503221421,0.005031991359610723,0.0951127101218574,0.0,4194.294838286715,9732.255194226138,0.5105851259021666,1.191531899278267,0.2308366282765796,0
416,0.008816787377330295,0.5840560503221421,0.005031991359610723,0.09308344416626531,1.5666704858668625,4182.036709739225,9752.328449720277,0.5074486797312074,1.1940410562150345,0.23265677341594024,0
417,0.00881301357148793,0.5811840694080561,0.005003822692450893,0.09308344416626531,0.0,4182.036709739225,9752.328449720277,0.5074486797312074,1.1940410562150345,0.23197398024953542,0
418,0.00880923427921262,0.5811840694080561,0.005003822692450893,0.09308344416626531,0.0,4182.036709739225,9752.328449720277,0.5074486797312074,1.1940410562150345,0.23128783688252172,0
419,0.00880544939120919,0.5811840694080561,0.005003822692450893,0.09308344416626531,0.0,4182.036709739225,9752.328449720277,0.5074486797312074,1.1940410562150345,0.23059830031645562,0
420,0.00879919305591473,0.5811840694080561,0.005003822692450893,0.09308344416626531,0.0,4182.036709739225,9752.328449720277,0.5074486797312074,1.1940410562150345,0.2299053266553485,0
421,0.008792913433078366,0.5811840694080561,0.005003822692450893,0.09108716924285172,1.5773038713176972,4169.75039339801,9772.382714207892,0.5043152009050176,1.1965478392759863,0.23174168417385957,0
422,0.008786815878277577,0.5783112582238372,0.004975585904955769,0.09108716924285172,0.0,4169.75039339801,9772.382714207892,0.5043152009050176,1.1965478392759863,0.2310571196178311,0
423,0.008782643232011172,0.5783112582238372,0.004975585904955769,0.09108716924285172,0.0,4169.75039339801,9772.382714207892,0.5043152009050176,1.1965478392759863,0.2303691740884315,0
424,0.008778462206975186,0.5783112582238372,0.004975585904955769,0.09108716924285172,0.0,4169.75039339801,9772.382714207892,0.5043152009050176,1.1965478392759863,0.22967780390525527,0
425,0.008774272652599986,0.5783112582238372,0.004975585904955769,0.09108716924285172,0.0,4169.75039339801,9772.382714207892,0.5043152009050176,1.1965478392759863,0.22898296447004454,0
426,0.008767522900888697,0.5783112582238372,0.004975585904955769,0.08917152043796846,1.5488664521255662,4157.73949725501,9791.924397284602,0.5012618129242812,1.1989905496605753,0.23077212003786507,0
427,0.00876085620568735,0.5755084391098195,0.004947977848362994,0.08917152043796846,0.0,4157.73949725501,9791.924397284602,0.5012618129242812,1.1989905496605753,0.23008545049222812,0
428,0.008756793826944298,0.5755084391098195,0.004947977848362994,0.08917152043796846,0.0,4157.73949725501,9791.924397284602,0.5012618129242812,1.1989905496605753,0.2293953647779882,0
429,0.00875272396140634,0.5755084391098195,0.004947977848362994,0.08917152043796846,0.0,4157.73949725501,9791.924397284602,0.5012618129242812,1.1989905496605753,0.22870181843532042,0
430,0.008748646470856164,0.5755084391098195,0.004947977848362994,0.08917152043796846,0.0,4157.73949725501,9791.924397284602,0.5012618129242812,1.1989905496605753,0.2280047660632493,0
431,0.008744561213814074,0.5755084391098195,0.004947977848362994,0.08700884001894883,1.7915276382016228,4143.908733613098,9814.349830904686,0.4977578389211432,1.2017937288630858,0.23018527476038886,0
432,0.008738377185229613,0.5722877984690418,0.004916180163547796,0.08700884001894883,0.0,4143.908733613098,9814.349830904686,0.4977578389211432,1.2017937288630858,0.22949881095148178,0
433,0.00873217002832785,0.5722877984690418,0.004916180163547796,0.08700884001894883,0.0,4143.908733613098,9814.349830904686,0.4977578389211432,1.2017937288630858,0.22880892429218383,0
434,0.008728156816129883,0.5722877984690418,0.004916180163547796,0.08700884001894883,0.0,4143.908733613098,9814.349830904686,0.4977578389211432,1.2017937288630858,0.22811557013458364,0
435,0.008724136388036883,0.5722877984690418,0.004916180163547796,0.08700884001894883,0.0,4143.908733613098,9814.349830904686,0.4977578389211432,1.2017937288630858,0.2274187028834772,0
436,0.008720108607029336,0.5722877984690418,0.004916180163547796,0.08682595871060517,0.15396831354494164,4142.725592630256,9816.26436127335,0.4974586935510395,1.2020330451591688,0.22696397589563747,0
437,0.00871396439590997,0.5720126324777483,0.004913459687466807,0.08512150569387257,1.4497525395614173,4131.593903403531,9834.247809673663,0.49464877973849086,1.2042809762092077,0.22858935988761522,0
438,0.008707797253646737,0.5694263415260014,0.004887860635518524,0.08512150569387257,0.0,4131.593903403531,9834.247809673663,0.49464877973849086,1.2042809762092077,0.22789771993741978,0
439,0.008703409300214026,0.5694263415260014,0.004887860635518524,0.08512150569387257,0.0,4131.593903403531,9834.247809673663,0.49464877973849086,1.2042809762092077,0.2272025809027646,0
440,0.008699011336841773,0.5694263415260014,0.004887860635518524,0.08512150569387257,0.0,4131.593903403531,9834.247809673663,0.49464877973849086,1.2042809762092077,0.22650389646980484,0
441,0.008694603185686222,0.5694263415260014,0.004887860635518524,0.08502596625990641,0.08231171881262096,4130.964256165381,9835.26341835281,0.4944900908823742,1.204407927294101,0.22593292540346158,0
442,0.008688110449042791,0.5692801941701325,0.004886412481057431,0.08278878902605015,1.952034328040538,4116.04258643419,9859.281717711343,0.4907372316076033,1.2074102147139179,0.22836971505050938,0
443,0.00868292472144466,0.5658211888640897,0.004852087113412328,0.08278878902605015,0.0,4116.04258643419,9859.281717711343,0.4907372316076033,1.2074102147139179,0.227680551588501,0
444,0.008677723065158916,0.5658211888640897,0.004852087113412328,0.08278878902605015,0.0,4116.04258643419,9859.281717711343,0.4907372316076033,1.2074102147139179,0.22698791074291833,0
445,0.00867250521776387,0.5658211888640897,0.004852087113412328,0.08278878902605015,0.0,4116.04258643419,9859.281717711343,0.4907372316076033,1.2074102147139179,0.22629174660898532,0
446,0.008668463256820939,0.5658211888640897,0.004852087113412328,0.08278878902605015,0.0,4116.04258643419,9859.281717711343,0.4907372316076033,1.2074102147139179,0.2255920122961708,0
447,0.008662008353362022,0.5658211888640897,0.004852087113412328,0.08278878902605015,0.0,4116.04258643419,9859.281717711343,0.4907372316076033,1.2074102147139179,0.2248886598987406,0
448,0.00865552807298574,0.5658211888640897,0.004852087113412328,0.08095348027480348,1.6446546601677938,4103.538802834725,9879.334162844534,0.48760403705554217,1.2099167703555667,0.2268244687034438,0
449,0.008651238704031342,0.5629292743406308,0.004823313449027162,0.08095348027480348,0.0,4103.538802834725,9879.334162844534,0.48760403705554217,1.2099167703555667,0.226130394516345,0
450,0.008646940112885134,0.5629292743406308,0.004823313449027162,0.08095348027480348,0.0,4103.538802834725,9879.334162844534,0.48760403705554217,1.2099167703555667,0.22543276902357978,0
451,0.008642632130641486,0.5629292743406308,0.004823313449027162,0.08095348027480348,0.0,4103.538802834725,9879.334162844534,0.48760403705554217,1.2099167703555667,0.22473154468252857,0
452,0.00863810887698519,0.5629292743406308,0.004823313449027162,0.08095348027480348,0.0,4103.538802834725,9879.334162844534,0.48760403705554217,1.2099167703555667,0.2240266729151266,0
453,0.008631626974542818,0.5629292743406308,0.004823313449027162,0.07949426361698023,1.3368879061859344,4093.421230904728,9895.510467280075,0.48507648948748894,1.2119388084100093,0.22546271550986421,0
454,0.008627203636539845,0.5605936585816684,0.004800023160805024,0.07949426361698023,0.0,4093.421230904728,9895.510467280075,0.48507648948748894,1.2119388084100093,0.2247640441614327,0
455,0.008622770040671295,0.5605936585816684,0.004800023160805024,0.07949426361698023,0.0,4093.421230904728,9895.510467280075,0.48507648948748894,1.2119388084100093,0.22406175242339854,0
456,0.008618326001635262,0.5605936585816684,0.004800023160805024,0.07949426361698023,0.0,4093.421230904728,9895.510467280075,0.48507648948748894,1.2119388084100093,0.22335579120660728,0
457,0.008613761231095219,0.5605936585816684,0.004800023160805024,0.07843344594268235,0.9889130718538743,4085.964729763738,9907.403917537209,0.4832181378848119,1.213425489692151,0.22422946974578153,0
458,0.008606553866935056,0.5588748701095211,0.004782853710980003,0.07843344594268235,0.0,4085.964729763738,9907.403917537209,0.4832181378848119,1.213425489692151,0.22352617494692498,0
459,0.008602453760676209,0.5588748701095211,0.004782853710980003,0.07843344594268235,0.0,4085.964729763738,9907.403917537209,0.4832181378848119,1.213425489692151,0.2228191913596928,0
460,0.008598345948038953,0.5588748701095211,0.004782853710980003,0.07749754417825472,0.8845524763558226,4079.3135374753147,9917.992641945588,0.48156364969600274,1.2147490802431984,0.22352370647863415,0
461,0.008594230280841058,0.5573435221329376,0.004767534867466748,0.07749754417825472,0.0,4079.3135374753147,9917.992641945588,0.48156364969600274,1.2147490802431984,0.22281831532173774,0
462,0.008590106607272425,0.5573435221329376,0.004767534867466748,0.07749754417825472,0.0,4079.3135374753147,9917.992641945588,0.48156364969600274,1.2147490802431984,0.22210920155962488,0
463,0.008585974771777352,0.5573435221329376,0.004767534867466748,0.07579373541981434,1.638637028345556,4067.0247521137685,9937.506287038348,0.47851464265025884,1.2171882858797936,0.22402684616563032,0
464,0.008579617183958761,0.5545186860032391,0.00473922182758792,0.07579373541981434,0.0,4067.0247521137685,9937.506287038348,0.47851464265025884,1.2171882858797936,0.223327053074906,0
465,0.008573234474808223,0.5545186860032391,0.00473922182758792,0.07579373541981434,0.0,4067.0247521137685,9937.506287038348,0.47851464265025884,1.2171882858797936,0.22262360458400104,0
466,0.008569682156913571,0.5545186860032391,0.00473922182758792,0.07579373541981434,0.0,4067.0247521137685,9937.506287038348,0.47851464265025884,1.2171882858797936,0.22191645072739077,0
467,0.008566126150977555,0.5545186860032391,0.00473922182758792,0.07579373541981434,0.0,4067.0247521137685,9937.506287038348,0.47851464265025884,1.2171882858797936,0.22120554042828025,0
468,0.0085625663632386,0.5545186860032391,0.00473922182758792,0.0742291791945181,1.5400508148301226,4055.5282122690946,9955.703003505407,0.4756714057022809,1.2194628754381758,0.22296067666139982,0
469,0.008557200219740905,0.5518812460421888,0.004712721648418365,0.0742291791945181,0.0,4055.5282122690946,9955.703003505407,0.4756714057022809,1.2194628754381758,0.22225810304876917,0
470,0.008551816454462484,0.5518812460421888,0.004712721648418365,0.0742291791945181,0.0,4055.5282122690946,9955.703003505407,0.4756714057022809,1.2194628754381758,0.22155182720283367,0
471,0.008546414769298148,0.5518812460421888,0.004712721648418365,0.0742291791945181,0.0,4055.5282122690946,9955.703003505407,0.4756714057022809,1.2194628754381758,0.2208417980694911,0
472,0.00854241501538552,0.5518812460421888,0.004712721648418365,0.0742291791945181,0.0,4055.5282122690946,9955.703003505407,0.4756714057022809,1.2194628754381758,0.22012796344902322,0
473,0.008537075268574555,0.5518812460421888,0.004712721648418365,0.07194488604242241,2.3099817337045523,4038.361029121508,9982.769250207357,0.4714423046551011,1.2228461562759196,0.22312641951182421,0
474,0.00853171791536938,0.5479524094161076,0.004673125734013102,0.07194488604242241,0.0,4038.361029121508,9982.769250207357,0.4714423046551011,1.2228461562759196,0.22242890575925076,0
475,0.008527234253279522,0.5479524094161076,0.004673125734013102,0.07194488604242241,0.0,4038.361029121508,9982.769250207357,0.4714423046551011,1.2228461562759196,0.22172774571544004,0
476,0.008521547143062951,0.5479524094161076,0.004673125734013102,0.07194488604242241,0.0,4038.361029121508,9982.769250207357,0.4714423046551011,1.2228461562759196,0.22102288950086463,0
477,0.008516863673929337,0.5479524094161076,0.004673125734013102,0.07194488604242241,0.0,4038.361029121508,9982.769250207357,0.4714423046551011,1.2228461562759196,0.22031428612577622,0
478,0.008512167592545743,0.5479524094161076,0.004673125734013102,0.07194488604242241,0.0,4038.361029121508,9982.769250207357,0.4714423046551011,1.2228461562759196,0.2196018834558195,0
479,0.008505334307288543,0.5479524094161076,0.004673125734013102,0.07194488604242241,0.0,4038.361029121508,9982.769250207357,0.4714423046551011,1.2228461562759196,0.21888562817627594,0
480,0.008501545066501,0.5479524094161076,0.004673125734013102,0.06993273578299504,2.1014162055931824,4022.844283503561,10007.124207831605,0.4676368425263125,1.2258905259789505,0.22153940218967152,0
481,0.008497750415198143,0.5444111052013789,0.004637308744561349,0.06993273578299504,0.0,4022.844283503561,10007.124207831605,0.4676368425263125,1.2258905259789505,0.2208373951738108,0
482,0.008493950232216475,0.5444111052013789,0.004637308744561349,0.06993273578299504,0.0,4022.844283503561,10007.124207831605,0.4676368425263125,1.2258905259789505,0.22013166811038754,0
483,0.008490144393260613,0.5444111052013789,0.004637308744561349,0.06993273578299504,0.0,4022.844283503561,10007.124207831605,0.4676368425263125,1.2258905259789505,0.21942216940930578,0
484,0.008484248295485034,0.5444111052013789,0.004637308744561349,0.06993273578299504,0.0,4022.844283503561,10007.124207831605,0.4676368425263125,1.2258905259789505,0.21870884631622642,0
485,0.008478330218581576,0.5444111052013789,0.004637308744561349,0.06993273578299504,0.0,4022.844283503561,10007.124207831605,0.4676368425263125,1.2258905259789505,0.2179916448760029,0
486,0.00847251520887577,0.5444111052013789,0.004637308744561349,0.068952739617269,1.0484537459802286,4015.1468187621244,10019.167635907732,0.4657550568894174,1.2273959544884665,0.21894374172051836,0
487,0.008469553981243884,0.5426578166352735,0.004619530245627343,0.068952739617269,0.0,4015.1468187621244,10019.167635907732,0.4657550568894174,1.2273959544884665,0.2182297724242367,0
488,0.008466593706284137,0.5426578166352735,0.004619530245627343,0.068952739617269,0.0,4015.1468187621244,10019.167635907732,0.4657550568894174,1.2273959544884665,0.21751190921885855,0
489,0.00846049568994276,0.5426578166352735,0.004619530245627343,0.06834460616302179,0.6590071032404456,4010.322504997438,10026.702746005914,0.4645776959365765,1.2283378432507392,0.2178392842788663,0
490,0.008454374373433025,0.5415601310019388,0.004608383963942492,0.06834460616302179,0.0,4010.322504997438,10026.702746005914,0.4645776959365765,1.2283378432507392,0.2171205119499015,0
491,0.00844822936913517,0.5415601310019388,0.004608383963942492,0.06765351741389725,0.7564932091507992,4004.7948614788447,10035.324081116054,0.46323061232561735,1.2294155101395066,0.21760226941326483,0
492,0.008442060279903817,0.5403035255960389,0.004595608988308928,0.06765351741389725,0.0,4004.7948614788447,10035.324081116054,0.46323061232561735,1.2294155101395066,0.2168836120370784,0
493,0.008437608929361212,0.5403035255960389,0.004595608988308928,0.06759148450198259,0.068368120037421,4004.296310266898,10036.101013526248,0.4631092166365245,1.229512626690781,0.2162694417430295,0
494,0.008433146837961628,0.5401902476975063,0.004594456585425488,0.06557253599860027,2.2564396015984447,3987.850320404204,10061.670199471675,0.45911403133255146,1.2327087749339594,0.21916004563461455,0
495,0.008428673798633353,0.5364588973646842,0.004556422556314495,0.06557253599860027,0.0,3987.850320404204,10061.670199471675,0.45911403133255146,1.2327087749339594,0.21845418314712228,0
496,0.008421333681163953,0.5364588973646842,0.004556422556314495,0.06557253599860027,0.0,3987.850320404204,10061.670199471675,0.45911403133255146,1.2327087749339594,0.21774451859520252,0
497,0.008416566873822353,0.5364588973646842,0.004556422556314495,0.06557253599860027,0.0,3987.850320404204,10061.670199471675,0.45911403133255146,1.2327087749339594,0.21703099837741657,0
498,0.008411787079764244,0.5364588973646842,0.004556422556314495,0.06557253599860027,0.0,3987.850320404204,10061.670199471675,0.45911403133255146,1.2327087749339594,0.2163135676624938,0
499,0.008406994060464988,0.5364588973646842,0.004556422556314495,0.06557253599860027,0.0,3987.850320404204,10061.670199471675,0.45911403133255146,1.2327087749339594,0.2155921703500573,0
500,0.008402187571352776,0.5364588973646842,0.004556422556314495,0.06549111589596229,0.09281063434618968,3987.177952100234,10062.713080688969,0.4589510811423493,1.232839135086121,0.21501378089890177,0
501,0.008397367361602933,0.5363065706198066,0.0045548667838801295,0.06366339598347609,2.1112234648912103,3971.891159916222,10086.371323042256,0.45525448077464814,1.235796415380282,0.21766164182140016,0
502,0.008391222469362365,0.5328480529353586,0.004519477008751478,0.06366339598347609,0.0,3971.891159916222,10086.371323042256,0.45525448077464814,1.235796415380282,0.21695178765161,0
503,0.008388144736732196,0.5328480529353586,0.004519477008751478,0.06366339598347609,0.0,3971.891159916222,10086.371323042256,0.45525448077464814,1.235796415380282,0.21623806165621112,0
504,0.008385067262386919,0.5328480529353586,0.004519477008751478,0.06366339598347609,0.0,3971.891159916222,10086.371323042256,0.45525448077464814,1.235796415380282,0.21552040855666982,0
505,0.008381098404904233,0.5328480529353586,0.004519477008751478,0.06366339598347609,0.0,3971.891159916222,10086.371323042256,0.45525448077464814,1.235796415380282,0.21479877178990323,0
506,0.008377122604638918,0.5328480529353586,0.004519477008751478,0.06366339598347609,0.0,3971.891159916222,10086.371323042256,0.45525448077464814,1.235796415380282,0.21407309346672823,0
507,0.008372115613977561,0.5328480529353586,0.004519477008751478,0.06258077069794481,1.2828456827346932,3962.656412310057,10100.614601139056,0.4530289685720231,1.237576825142382,0.2153838479991075,0
508,0.00836709318140123,0.5307631694454702,0.004498080533039595,0.06258077069794481,0.0,3962.656412310057,10100.614601139056,0.4530289685720231,1.237576825142382,0.21466388043053006,0
509,0.008362440841850354,0.5307631694454702,0.004498080533039595,0.06258077069794481,0.0,3962.656412310057,10100.614601139056,0.4530289685720231,1.237576825142382,0.21393988745426248,0
510,0.008355119565302205,0.5307631694454702,0.004498080533039595,0.06258077069794481,0.0,3962.656412310057,10100.614601139056,0.4530289685720231,1.237576825142382,0.21321181014874674,0
511,0.00834863158853808,0.5307631694454702,0.004498080533039595,0.061000377632934547,1.9145601443043991,3948.9246910492366,10121.726073292164,0.4497303010480998,1.2402157591615206,0.2155310765402753,0
512,0.00834211643529933,0.5276691690025648,0.004466238904458622,0.061000377632934547,0.0,3948.9246910492366,10121.726073292164,0.4497303010480998,1.2402157591615206,0.2148155467177162,0
513,0.008337070896982475,0.5276691690025648,0.004466238904458622,0.061000377632934547,0.0,3948.9246910492366,10121.726073292164,0.4497303010480998,1.2402157591615206,0.21409604377112873,0
514,0.008332009766716877,0.5276691690025648,0.004466238904458622,0.061000377632934547,0.0,3948.9246910492366,10121.726073292164,0.4497303010480998,1.2402157591615206,0.21337250994634677,0
515,0.008326932754731932,0.5276691690025648,0.004466238904458622,0.061000377632934547,0.0,3948.9246910492366,10121.726073292164,0.4497303010480998,1.2402157591615206,0.21264488612258395,0
516,0.008322507314043942,0.5276691690025648,0.004466238904458622,0.060934671786272654,0.08094262227623247,3948.3471562579384,10122.612214049297,0.4495918415547982,1.240326526756162,0.2120408197539424,0
517,0.008315195572483818,0.5275392012326058,0.004464898992960764,0.059119738781389174,2.267191039923129,3932.177690716899,10147.363699533282,0.4457244219479255,1.24342046244166,0.21491948669174513,0
518,0.00830994329304992,0.5239057251129434,0.0044273609206709995,0.059119738781389174,0.0,3932.177690716899,10147.363699533282,0.4457244219479255,1.24342046244166,0.21420501020463947,0
519,0.008304673941496468,0.5239057251129434,0.0044273609206709995,0.059119738781389174,0.0,3932.177690716899,10147.363699533282,0.4457244219479255,1.24342046244166,0.21348656099041544,0
520,0.008299387205984044,0.5239057251129434,0.0044273609206709995,0.059119738781389174,0.0,3932.177690716899,10147.363699533282,0.4457244219479255,1.24342046244166,0.21276408122077164,0
521,0.008294082766566967,0.5239057251129434,0.0044273609206709995,0.059119738781389174,0.0,3932.177690716899,10147.363699533282,0.4457244219479255,1.24342046244166,0.21203751169712456,0
522,0.008289133484976759,0.5239057251129434,0.0044273609206709995,0.059119738781389174,0.0,3932.177690716899,10147.363699533282,0.4457244219479255,1.24342046244166,0.21130679180540446,0
523,0.008283673178289031,0.5239057251129434,0.0044273609206709995,0.05884294943215637,0.35321826306204235,3929.6741427543343,10151.185981711918,0.44512719035751314,1.24389824771399,0.21112874193710965,0
524,0.008278193816647081,0.5233440596866229,0.004421544565271023,0.0586025716589812,0.3082245232153838,3927.491664490856,10154.515876894899,0.4446068942351726,1.2443144846118623,0.2108791537921435,0
525,0.008272695050409893,0.5228546252358348,0.004416473172531357,0.05810667261959587,0.6399080846683037,3922.9646587778534,10161.416393578504,0.44352868850335914,1.245177049197313,0.21115265587681173,0
526,0.0082699864169166,0.5218400090319423,0.004405950945460161,0.05810667261959587,0.0,3922.9646587778534,10161.416393578504,0.44352868850335914,1.245177049197313,0.21041935545106946,0
527,0.008264674448546087,0.5218400090319423,0.004405950945460161,0.057262005834636164,1.1029327332819547,3915.176339391956,10173.267549837641,0.441676945337869,1.2466584437297052,0.21142473050228192,0
528,0.008259344894047642,0.520096324244212,0.004387839060346989,0.057262005834636164,0.0,3915.176339391956,10173.267549837641,0.441676945337869,1.2466584437297052,0.210695134220357,0
529,0.008253997429798002,0.520096324244212,0.004387839060346989,0.057262005834636164,0.0,3915.176339391956,10173.267549837641,0.441676945337869,1.2466584437297052,0.20996132624588207,0
530,0.008248631723683212,0.520096324244212,0.004387839060346989,0.05681930446812721,0.5854820746877799,3911.0546360722155,10179.528839072776,0.4406986188948792,1.247441104884097,0.21014527250300757,0
531,0.008243247434798057,0.5191744979217671,0.004378249089915402,0.05681930446812721,0.0,3911.0546360722155,10179.528839072776,0.4406986188948792,1.247441104884097,0.2094094063469844,0
532,0.008240920139241182,0.5191744979217671,0.004378249089915402,0.055671067532927575,1.539792507181098,3900.2333424733206,10195.932804702996,0.43813549926515744,1.2494916005878745,0.21110361742761782,0
533,0.008235507965493086,0.5167574590841311,0.004353054642355262,0.055671067532927575,0.0,3900.2333424733206,10195.932804702996,0.43813549926515744,1.2494916005878745,0.2103762840673952,0
534,0.008230077446313652,0.5167574590841311,0.004353054642355262,0.055671067532927575,0.0,3900.2333424733206,10195.932804702996,0.43813549926515744,1.2494916005878745,0.20964475875780783,0
535,0.008224628245190347,0.5167574590841311,0.004353054642355262,0.055671067532927575,0.0,3900.2333424733206,10195.932804702996,0.43813549926515744,1.2494916005878745,0.20890897823459567,0
536,0.00821916001677298,0.5167574590841311,0.004353054642355262,0.05546834815753275,0.2758660672212826,3898.3028581432472,10198.853940108253,0.43767907185808635,1.2498567425135314,0.20860178679857128,0
537,0.008213672406560348,0.5163267487696956,0.004348557459891616,0.05479807778965486,0.919121446004383,3891.8762032668037,10208.566992311924,0.4361614074512621,1.2510708740389906,0.20930669835545523,0
538,0.008208581911419896,0.5148939494861875,0.004333580416179416,0.05479807778965486,0.0,3891.8762032668037,10208.566992311924,0.4361614074512621,1.2510708740389906,0.20857127507487036,0
539,0.00820399201102404,0.5148939494861875,0.004333580416179416,0.05479807778965486,0.0,3891.8762032668037,10208.566992311924,0.4361614074512621,1.2510708740389906,0.20783152896673562,0
540,0.00819897279498496,0.5148939494861875,0.004333580416179416,0.05332270118900195,2.0633505382653947,3877.4871842493203,10230.249905576527,0.43277345225366814,1.2537812381970659,0.21034855472600836,0
541,0.008193845534959068,0.5116918378802097,0.004300014393712119,0.05332270118900195,0.0,3877.4871842493203,10230.249905576527,0.43277345225366814,1.2537812381970659,0.20962318491866733,0
542,0.008188701563680512,0.5116918378802097,0.004300014393712119,0.05332270118900195,0.0,3877.4871842493203,10230.249905576527,0.43277345225366814,1.2537812381970659,0.20889363078535692,0
543,0.008184510602813477,0.5116918378802097,0.004300014393712119,0.05332270118900195,0.0,3877.4871842493203,10230.249905576527,0.43277345225366814,1.2537812381970659,0.20815982912068062,0
544,0.008180311125269284,0.5116918378802097,0.004300014393712119,0.05332270118900195,0.0,3877.4871842493203,10230.249905576527,0.43277345225366814,1.2537812381970659,0.2074217151646125,0
545,0.008176102941670585,0.5116918378802097,0.004300014393712119,0.05332270118900195,0.0,3877.4871842493203,10230.249905576527,0.43277345225366814,1.2537812381970659,0.20667922254924473,0
546,0.008171092690100395,0.5116918378802097,0.004300014393712119,0.05170215529997037,2.3376353895264628,3861.280266286543,10254.56594654811,0.42897407085185846,1.2568207433185137,0.2096235508626699,0
547,0.00816606664276129,0.5080948977636895,0.004262150402630467,0.05170215529997037,0.0,3861.280266286543,10254.56594654811,0.42897407085185846,1.2568207433185137,0.20889853906507166,0
548,0.008160996495273777,0.5080948977636895,0.004262150402630467,0.05170215529997037,0.0,3861.280266286543,10254.56594654811,0.42897407085185846,1.2568207433185137,0.20816933256753362,0
549,0.008155910416989454,0.5080948977636895,0.004262150402630467,0.05170215529997037,0.0,3861.280266286543,10254.56594654811,0.42897407085185846,1.2568207433185137,0.20743586781815465,0
550,0.008150808097062435,0.5080948977636895,0.004262150402630467,0.05170215529997037,0.0,3861.280266286543,10254.56594654811,0.42897407085185846,1.2568207433185137,0.2066980796971611,0
551,0.008145689216150524,0.5080948977636895,0.004262150402630467,0.05170215529997037,0.0,3861.280266286543,10254.56594654811,0.42897407085185846,1.2568207433185137,0.2059559014630379,0
552,0.008141237706775568,0.5080948977636895,0.004262150402630467,0.05149288371078792,0.308486220166071,3859.155459650083,10257.745553270484,0.4284772573014875,1.2572181941588105,0.20569051301965577,0
553,0.008135528763570949,0.50762408575779,0.004257181567385132,0.050997414628204854,0.7353644882812198,3854.0948817388607,10265.31052238716,0.4272952308770068,1.2581638152983952,0.20609195017714046,0
554,0.008130208503495382,0.5065034833775955,0.00424534297345367,0.050997414628204854,0.0,3854.0948817388607,10265.31052238716,0.4272952308770068,1.2581638152983952,0.20534820823143862,0
555,0.008125987958416422,0.5065034833775955,0.00424534297345367,0.05061489741176139,0.5731496198787829,3850.1588117897036,10271.186899324512,0.4263770469805456,1.2588983624155639,0.2054941199820572,0
556,0.00811894846384829,0.5056325850788455,0.004236130593728964,0.05061489741176139,0.0,3850.1588117897036,10271.186899324512,0.4263770469805456,1.2588983624155639,0.20474791459073693,0
557,0.00811187596937898,0.5056325850788455,0.004236130593728964,0.04942096104103614,1.816362696262815,3837.7057251651736,10289.735094660013,0.4234788914593736,1.2612168868325015,0.20684535312816307,0
558,0.008109040575737496,0.502881216252044,0.0042069579215976835,0.04942096104103614,0.0,3837.7057251651736,10289.735094660013,0.4234788914593736,1.2612168868325015,0.20611082723451504,0
559,0.008106208330528006,0.502881216252044,0.0042069579215976835,0.04942096104103614,0.0,3837.7057251651736,10289.735094660013,0.4234788914593736,1.2612168868325015,0.2053719375684038,0
560,0.008103379231045224,0.502881216252044,0.0042069579215976835,0.04942096104103614,0.0,3837.7057251651736,10289.735094660013,0.4234788914593736,1.2612168868325015,0.20462861622944947,0
561,0.008100553274119442,0.502881216252044,0.0042069579215976835,0.04942096104103614,0.0,3837.7057251651736,10289.735094660013,0.4234788914593736,1.2612168868325015,0.20388079359646957,0
562,0.008094545078032008,0.502881216252044,0.0042069579215976835,0.04844351297751037,1.5232931584987373,3827.3155772221094,10305.159839302865,0.42106877510892776,1.2631449799128582,0.20550847032923072,0
563,0.00808851294880819,0.5005902995243301,0.004182586478533558,0.04844351297751037,0.0,3827.3155772221094,10305.159839302865,0.42106877510892776,1.2631449799128582,0.20476899581893412,0
564,0.008082456439800413,0.5005902995243301,0.004182586478533558,0.04844351297751037,0.0,3827.3155772221094,10305.159839302865,0.42106877510892776,1.2631449799128582,0.2040250695440725,0
565,0.008076375092162283,0.5005902995243301,0.004182586478533558,0.04844351297751037,0.0,3827.3155772221094,10305.159839302865,0.42106877510892776,1.2631449799128582,0.20327662130437202,0
566,0.008071290148221165,0.5005902995243301,0.004182586478533558,0.04795005139800068,0.7825208469874421,3822.001140537709,10313.031547637718,0.4198388206816072,1.2641289434547147,0.2037396788213213,0
567,0.008066188642633223,0.49942016609091416,0.00417010936719718,0.04795005139800068,0.0,3822.001140537709,10313.031547637718,0.4198388206816072,1.2641289434547147,0.2029910554037007,0
568,0.008061454230632082,0.49942016609091416,0.00417010936719718,0.047759653685464254,0.30446649039142987,3819.937968472592,10316.084246883598,0.4193618364244384,1.2645105308604498,0.20270947032617775,0
569,0.008055710979823232,0.49896619638352535,0.004165263376945601,0.04724571482475372,0.8278339735862557,3814.333162096289,10324.368002944639,0.41806749953990086,1.2655460003680798,0.20324010517321228,0
570,0.008052479576206337,0.4977337906194435,0.004152092695054256,0.04724571482475372,0.0,3814.333162096289,10324.368002944639,0.41806749953990086,1.2655460003680798,0.2024906937413673,0
571,0.008048472936222953,0.4977337906194435,0.004152092695054256,0.04724571482475372,0.0,3814.333162096289,10324.368002944639,0.41806749953990086,1.2655460003680798,0.20173665862748935,0
572,0.008044459258227762,0.4977337906194435,0.004152092695054256,0.04534691361174925,3.134992086014905,3793.157847578289,10355.543245429715,0.4131963679016076,1.2694429056787144,0.20589160509016372,0
573,0.00803797105869839,0.49308886602412244,0.004102250179936738,0.04534691361174925,0.0,3793.157847578289,10355.543245429715,0.4131963679016076,1.2694429056787144,0.2051643636045157,0
574,0.008031454074927467,0.49308886602412244,0.004102250179936738,0.04534691361174925,0.0,3793.157847578289,10355.543245429715,0.4131963679016076,1.2694429056787144,0.20443282474113386,0
575,0.00802702467490135,0.49308886602412244,0.004102250179936738,0.04534691361174925,0.0,3793.157847578289,10355.543245429715,0.4131963679016076,1.2694429056787144,0.20369692199315328,0
576,0.008022584623791696,0.49308886602412244,0.004102250179936738,0.04534691361174925,0.0,3793.157847578289,10355.543245429715,0.4131963679016076,1.2694429056787144,0.20295658717738196,0
577,0.008018133682748448,0.49308886602412244,0.004102250179936738,0.04534691361174925,0.0,3793.157847578289,10355.543245429715,0.4131963679016076,1.2694429056787144,0.20221175037544573,0
578,0.008011606068343814,0.49308886602412244,0.004102250179936738,0.04534691361174925,0.0,3793.157847578289,10355.543245429715,0.4131963679016076,1.2694429056787144,0.2014623398722743,0
579,0.008006157997368502,0.49308886602412244,0.004102250179936738,0.04534691361174925,0.0,3793.157847578289,10355.543245429715,0.4131963679016076,1.2694429056787144,0.2007082820917793,0
580,0.008000690101603486,0.49308886602412244,0.004102250179936738,0.04490183877873004,0.7580041930497156,3788.0837222801442,10362.9851135928,0.4120335760011255,1.2703731391991,0.20111941861579982,0
581,0.00799543917826609,0.4919784568966933,0.004090286544446386,0.04490183877873004,0.0,3788.0837222801442,10362.9851135928,0.4120335760011255,1.2703731391991,0.20036475865138317,0
582,0.007991715944434348,0.4919784568966933,0.004090286544446386,0.04455601115465096,0.5947643815227353,3784.1109773132785,10368.803979117718,0.41112437826285697,1.2711004973897149,0.2005216572404905,0
583,0.007987988347338907,0.49110978110611553,0.004080914098699932,0.04455601115465096,0.0,3784.1109773132785,10368.803979117718,0.41112437826285697,1.2711004973897149,0.1997644600929403,0
584,0.00798384569462691,0.49110978110611553,0.004080914098699932,0.04348326133761203,1.8738269374260088,3771.6157284813085,10387.061739520004,0.40827160320000006,1.2733827174400005,0.20190407237819605,0
585,0.007978576396890086,0.48838165174102866,0.004051402583990411,0.04348326133761203,0.0,3771.6157284813085,10387.061739520004,0.40827160320000006,1.2733827174400005,0.20115926079224233,0
586,0.007973288648904743,0.48838165174102866,0.004051402583990411,0.04348326133761203,0.0,3771.6157284813085,10387.061739520004,0.40827160320000006,1.2733827174400005,0.20040985188070493,0
587,0.007969810857150778,0.48838165174102866,0.004051402583990411,0.04348326133761203,0.0,3771.6157284813085,10387.061739520004,0.40827160320000006,1.2733827174400005,0.19965577130000375,0
588,0.007962060080821096,0.48838165174102866,0.004051402583990411,0.04348326133761203,0.0,3771.6157284813085,10387.061739520004,0.40827160320000006,1.2733827174400005,0.19889694274784436,0
589,0.007954269554688788,0.48838165174102866,0.004051402583990411,0.0426071074706629,1.5687334621488358,3761.2111597257576,10402.21372880086,0.4059041048748665,1.2752767161001075,0.2005523846564363,0
590,0.00794643854353078,0.4861147004676961,0.004026789693290309,0.0426071074706629,0.0,3761.2111597257576,10402.21372880086,0.4059041048748665,1.2752767161001075,0.19980237762512515,0
591,0.00794220323226762,0.4861147004676961,0.004026789693290309,0.0426071074706629,0.0,3761.2111597257576,10402.21372880086,0.4059041048748665,1.2752767161001075,0.1990476772340439,0
592,0.007937959382065655,0.4861147004676961,0.004026789693290309,0.0426071074706629,0.0,3761.2111597257576,10402.21372880086,0.4059041048748665,1.2752767161001075,0.1982882065298474,0
593,0.007933706788315079,0.4861147004676961,0.004026789693290309,0.04215456141691339,0.8249604846448242,3755.764427324996,10410.127262391889,0.40466761525126804,1.2762659077989862,0.19878867504476178,0
594,0.007929445240354029,0.48492967355594707,0.0040138903608695,0.04215456141691339,0.0,3755.764427324996,10410.127262391889,0.40466761525126804,1.2762659077989862,0.1980292477887174,0
595,0.007925174521232032,0.48492967355594707,0.0040138903608695,0.042058255928426366,0.17696998345738407,3754.5988004981596,10411.819150008223,0.40440325781121594,1.2764773937510279,0.19753513591738478,0
596,0.007919872693637494,0.4846762247717091,0.004011128513210615,0.04102068439189033,1.9300408907737332,3741.8920983628477,10430.225064889273,0.4015273336110521,1.2787781331111592,0.19973777392638992,0
597,0.007914552008009102,0.481916828237819,0.0039809901294700235,0.04102068439189033,0.0,3741.8920983628477,10430.225064889273,0.4015273336110521,1.2787781331111592,0.19898862455568928,0
598,0.007911183413095112,0.481916828237819,0.0039809901294700235,0.04102068439189033,0.0,3741.8920983628477,10430.225064889273,0.4015273336110521,1.2787781331111592,0.1982347734005431,0
599,0.007907813809470825,0.481916828237819,0.0039809901294700235,0.04102068439189033,0.0,3741.8920983628477,10430.225064889273,0.4015273336110521,1.2787781331111592,0.1974761431409173,0
600,0.00790190870379842,0.481916828237819,0.0039809901294700235,0.04102068439189033,0.0,3741.8920983628477,10430.225064889273,0.4015273336110521,1.2787781331111592,0.1967126543848537,0
601,0.007895979618539191,0.481916828237819,0.0039809901294700235,0.0403066580991287,1.3604638970224077,3732.9853697461776,10443.085534675714,0.3995178852069206,1.2803856918344643,0.19802574233987288,0
602,0.007890026071372448,0.4799864538426805,0.003959830058603854,0.0403066580991287,0.0,3732.9853697461776,10443.085534675714,0.3995178852069206,1.2803856918344643,0.19726856884856386,0
603,0.007884869676315598,0.4799864538426805,0.003959830058603854,0.0403066580991287,0.0,3732.9853697461776,10443.085534675714,0.3995178852069206,1.2803856918344643,0.1965065504103739,0
604,0.007879695659457495,0.4799864538426805,0.003959830058603854,0.0403066580991287,0.0,3732.9853697461776,10443.085534675714,0.3995178852069206,1.2803856918344643,0.19573960578277091,0
605,0.007875114849052098,0.4799864538426805,0.003959830058603854,0.03892920383268616,2.6948642684632103,3715.4107199386553,10468.362315956372,0.39556838813181816,1.2835452894945465,0.19910749975242992,0
606,0.007870522187154205,0.47618670089858306,0.00391799009318269,0.03892920383268616,0.0,3715.4107199386553,10468.362315956372,0.39556838813181816,1.2835452894945465,0.198362627265897,0
607,0.007865917402329847,0.47618670089858306,0.00391799009318269,0.03892920383268616,0.0,3715.4107199386553,10468.362315956372,0.39556838813181816,1.2835452894945465,0.19761309186027687,0
608,0.007861300214975603,0.47618670089858306,0.00391799009318269,0.03892920383268616,0.0,3715.4107199386553,10468.362315956372,0.39556838813181816,1.2835452894945465,0.19685881705340197,0
609,0.007855561329084484,0.47618670089858306,0.00391799009318269,0.03892920383268616,0.0,3715.4107199386553,10468.362315956372,0.39556838813181816,1.2835452894945465,0.19609972431899025,0
610,0.007851134105858347,0.47618670089858306,0.00391799009318269,0.03892920383268616,0.0,3715.4107199386553,10468.362315956372,0.39556838813181816,1.2835452894945465,0.19533573301050725,0
611,0.007846458835351953,0.47618670089858306,0.00391799009318269,0.03892920383268616,0.0,3715.4107199386553,10468.362315956372,0.39556838813181816,1.2835452894945465,0.1945667602813751,0
612,0.007839166674670163,0.47618670089858306,0.00391799009318269,0.037910142517281156,2.063464267409529,3702.059436311602,10487.47672744529,0.3925817613366746,1.2859345909306612,0.19693928306761913,0
613,0.007835220562223511,0.47330827270217146,0.003886124211477818,0.037910142517281156,0.0,3702.059436311602,10487.47672744529,0.3925817613366746,1.2859345909306612,0.19618494047898674,0
614,0.007831268469312326,0.47330827270217146,0.003886124211477818,0.037910142517281156,0.0,3702.059436311602,10487.47672744529,0.3925817613366746,1.2859345909306612,0.19542576254071248,0
615,0.007827310225207003,0.47330827270217146,0.003886124211477818,0.037910142517281156,0.0,3702.059436311602,10487.47672744529,0.3925817613366746,1.2859345909306612,0.1946616680269935,0
616,0.007823345653801144,0.47330827270217146,0.003886124211477818,0.037910142517281156,0.0,3702.059436311602,10487.47672744529,0.3925817613366746,1.2859345909306612,0.19389257348823621,0
617,0.007817545784582262,0.47330827270217146,0.003886124211477818,0.03761210045985368,0.6163237610489908,3698.0960053879953,10493.136348766926,0.39169744550516883,1.2866420435958659,0.1940486745903717,0
618,0.007811722277670231,0.4724551543823363,0.003876650733990181,0.03761210045985368,0.0,3698.0960053879953,10493.136348766926,0.39169744550516883,1.2866420435958659,0.19327682006193034,0
619,0.007806720489105112,0.4724551543823363,0.003876650733990181,0.036643696488052005,2.0355995270528364,3685.027796001216,10511.749768099871,0.388789098734396,1.288968721012484,0.1955893322211277,0
620,0.007801702320903247,0.46964668734611814,0.0038453685507306313,0.036643696488052005,0.0,3685.027796001216,10511.749768099871,0.388789098734396,1.288968721012484,0.1948317721825329,0
621,0.00779573871814677,0.46964668734611814,0.0038453685507306313,0.036643696488052005,0.0,3685.027796001216,10511.749768099871,0.388789098734396,1.288968721012484,0.19406930157520105,0
622,0.007789750710629833,0.46964668734611814,0.0038453685507306313,0.036643696488052005,0.0,3685.027796001216,10511.749768099871,0.388789098734396,1.288968721012484,0.19330183697492473,0
623,0.0077837377994384544,0.46964668734611814,0.0038453685507306313,0.036643696488052005,0.0,3685.027796001216,10511.749768099871,0.388789098734396,1.288968721012484,0.19252929264740015,0
624,0.007777699470859041,0.46964668734611814,0.0038453685507306313,0.03617792938049016,1.0017145874419615,3678.6358401743696,10520.82749180001,0.3873707044062497,1.2901034364750013,0.19325924794212943,0
625,0.007771635195783712,0.4682754810438706,0.003830041272036655,0.03617792938049016,0.0,3678.6358401743696,10520.82749180001,0.3873707044062497,1.2901034364750013,0.19248851691008506,0
626,0.007767412064841663,0.4682754810438706,0.003830041272036655,0.03617792938049016,0.0,3678.6358401743696,10520.82749180001,0.3873707044062497,1.2901034364750013,0.19171264116160497,0
627,0.007763180193507563,0.4682754810438706,0.003830041272036655,0.03502873839373252,2.5271730954317797,3662.5552989908997,10543.58772731828,0.38381441760651996,1.292948465914785,0.1947552597886597,0
628,0.007756167149573568,0.464833080475192,0.0037914021559627797,0.03502873839373252,0.0,3662.5552989908997,10543.58772731828,0.38381441760651996,1.292948465914785,0.19399957314313973,0
629,0.007749118968228218,0.464833080475192,0.0037914021559627797,0.03502873839373252,0.0,3662.5552989908997,10543.58772731828,0.38381441760651996,1.292948465914785,0.19323897922291233,0
630,0.007746149577323355,0.464833080475192,0.0037914021559627797,0.03502873839373252,0.0,3662.5552989908997,10543.58772731828,0.38381441760651996,1.292948465914785,0.19247339450790985,0
631,0.007743183561939273,0.464833080475192,0.0037914021559627797,0.03502873839373252,0.0,3662.5552989908997,10543.58772731828,0.38381441760651996,1.292948465914785,0.1917027331610641,0
632,0.007740220913851795,0.464833080475192,0.0037914021559627797,0.03502873839373252,0.0,3662.5552989908997,10543.58772731828,0.38381441760651996,1.292948465914785,0.19092690693869493,0
633,0.007736439513601005,0.464833080475192,0.0037914021559627797,0.03474590462715787,0.6378179428058628,3658.527786744135,10549.270971784408,0.38292641065868716,1.293658871473051,0.19109805013623146,0
634,0.0077326536141570056,0.46397251750367047,0.003781706357614051,0.03474590462715787,0.0,3658.527786744135,10549.270971784408,0.38292641065868716,1.293658871473051,0.19031948104662244,0
635,0.00772613493752959,0.46397251750367047,0.003781706357614051,0.03385905400431813,2.0330215465994317,3645.712764971046,10567.30834453488,0.38010807116642614,1.29591354306686,0.19258676612183873,0
636,0.007719585662660924,0.4612386296433525,0.0037508052628069995,0.03385905400431813,0.0,3645.712764971046,10567.30834453488,0.38010807116642614,1.29591354306686,0.19182242972633898,0
637,0.007713042193471452,0.4612386296433525,0.0037508052628069995,0.03385905400431813,0.0,3645.712764971046,10567.30834453488,0.38010807116642614,1.29591354306686,0.19105301606682104,0
638,0.007711069594911868,0.4612386296433525,0.0037508052628069995,0.03385905400431813,0.0,3645.712764971046,10567.30834453488,0.38010807116642614,1.29591354306686,0.1902784367321956,0
639,0.00770910989031207,0.4612386296433525,0.0037508052628069995,0.03385905400431813,0.0,3645.712764971046,10567.30834453488,0.38010807116642614,1.29591354306686,0.18949860080145792,0
640,0.007705828389626681,0.4612386296433525,0.0037508052628069995,0.03325991224475617,1.4082762916248317,3636.8899364584536,10579.685979783342,0.37817406565885403,1.2974607474729176,0.19081274549721028,0
641,0.007702547287513468,0.45936023154199246,0.0037294849993705485,0.03325991224475617,0.0,3636.8899364584536,10579.685979783342,0.37817406565885403,1.2974607474729176,0.19003950752634063,0
642,0.0076992665191311675,0.45936023154199246,0.0037294849993705485,0.03325991224475617,0.0,3636.8899364584536,10579.685979783342,0.37817406565885403,1.2974607474729176,0.18926102456421315,0
643,0.007692602519560271,0.45936023154199246,0.0037294849993705485,0.03325991224475617,0.0,3636.8899364584536,10579.685979783342,0.37817406565885403,1.2974607474729176,0.1884772033318981,0
644,0.007685906506041851,0.45936023154199246,0.0037294849993705485,0.031983089497560215,3.0882332045667376,3617.619802113851,10606.60500892625,0.37396796735527466,1.3008256261157811,0.19231493605456645,0
645,0.007679177812991981,0.45526841667347173,0.0036827844402336526,0.031983089497560215,0.0,3617.619802113851,10606.60500892625,0.37396796735527466,1.3008256261157811,0.19155812785915322,0
646,0.007673472408577604,0.45526841667347173,0.0036827844402336526,0.031983089497560215,0.0,3617.619802113851,10606.60500892625,0.37396796735527466,1.3008256261157811,0.19079633506487817,0
647,0.007667743666593383,0.45526841667347173,0.0036827844402336526,0.031983089497560215,0.0,3617.619802113851,10606.60500892625,0.37396796735527466,1.3008256261157811,0.1900294716167374,0
648,0.007663264007990056,0.45526841667347173,0.0036827844402336526,0.031983089497560215,0.0,3617.619802113851,10606.60500892625,0.37396796735527466,1.3008256261157811,0.18925744903778857,0
649,0.007657927059138035,0.45526841667347173,0.0036827844402336526,0.031983089497560215,0.0,3617.619802113851,10606.60500892625,0.37396796735527466,1.3008256261157811,0.1884801763341086,0
650,0.007652570109787762,0.45526841667347173,0.0036827844402336526,0.031983089497560215,0.0,3617.619802113851,10606.60500892625,0.37396796735527466,1.3008256261157811,0.1876975598949458,0
651,0.007649010265709405,0.45526841667347173,0.0036827844402336526,0.03197173199706629,0.028216111793186952,3617.4454298146043,10606.847873277362,0.3739300198004136,1.30085598415967,0.18695093114898195,0
652,0.007645448497106495,0.4552314584309676,0.003682360989252544,0.030603906744294133,3.4620894920682304,3596.04294798513,10636.558843590543,0.36928768068897916,1.3045698554488179,0.1913216555250386,0
653,0.007641884695961713,0.4507044602866203,0.0036302640668650003,0.030603906744294133,0.0,3596.04294798513,10636.558843590543,0.36928768068897916,1.3045698554488179,0.19056553269913423,0
654,0.0076383187504428475,0.4507044602866203,0.0036302640668650003,0.030603906744294133,0.0,3596.04294798513,10636.558843590543,0.36928768068897916,1.3045698554488179,0.18980440837698823,0
655,0.0076347505447344755,0.4507044602866203,0.0036302640668650003,0.030603906744294133,0.0,3596.04294798513,10636.558843590543,0.36928768068897916,1.3045698554488179,0.18903819583760137,0
656,0.00762931232310402,0.4507044602866203,0.0036302640668650003,0.030603906744294133,0.0,3596.04294798513,10636.558843590543,0.36928768068897916,1.3045698554488179,0.18826680590861541,0
657,0.007623853283948646,0.4507044602866203,0.0036302640668650003,0.030603906744294133,0.0,3596.04294798513,10636.558843590543,0.36928768068897916,1.3045698554488179,0.1874901468696916,0
658,0.007618372951009494,0.4507044602866203,0.0036302640668650003,0.030603906744294133,0.0,3596.04294798513,10636.558843590543,0.36928768068897916,1.3045698554488179,0.18670812435098164,0
659,0.007615080857097932,0.4507044602866203,0.0036302640668650003,0.030603906744294133,0.0,3596.04294798513,10636.558843590543,0.36928768068897916,1.3045698554488179,0.1859206412263844,0
660,0.007607674543548532,0.4507044602866203,0.0036302640668650003,0.03029613672389429,0.8060933350685819,3591.113537256207,10643.374257180756,0.3682227723155083,1.3054217821475944,0.18630683511268045,0
661,0.007600228616591651,0.449664409304922,0.003618229825930514,0.03029613672389429,0.0,3591.113537256207,10643.374257180756,0.3682227723155083,1.3054217821475944,0.1855182559281737,0
662,0.007592742250157999,0.449664409304922,0.003618229825930514,0.029929657162680333,0.9715061031675044,3585.187032018669,10651.554577324056,0.3669445972931179,1.3064443221655069,0.1861439807651639,0
663,0.007587138084970507,0.4484152750429965,0.0036037433304019046,0.029929657162680333,0.0,3585.187032018669,10651.554577324056,0.3669445972931179,1.3064443221655069,0.18535633596865503,0
664,0.007581511683655124,0.4484152750429965,0.0036037433304019046,0.029929657162680333,0.0,3585.187032018669,10651.554577324056,0.3669445972931179,1.3064443221655069,0.1845631113476041,0
665,0.007575862539758104,0.4484152750429965,0.0036037433304019046,0.0286703685391895,3.4275172102836104,3564.332735504251,10680.220938483939,0.362465478361886,1.3100276173104923,0.18882023770730313,0
666,0.007570190130428717,0.4440310293528705,0.0035526066938212043,0.0286703685391895,0.0,3564.332735504251,10680.220938483939,0.362465478361886,1.3100276173104923,0.18805825472172003,0
667,0.007568906390366062,0.4440310293528705,0.0035526066938212043,0.0286703685391895,0.0,3564.332735504251,10680.220938483939,0.362465478361886,1.3100276173104923,0.18729112466689896,0
668,0.007563041101978434,0.4440310293528705,0.0035526066938212043,0.0286703685391895,0.0,3564.332735504251,10680.220938483939,0.362465478361886,1.3100276173104923,0.18651875639072862,0
669,0.0075571518945416446,0.4440310293528705,0.0035526066938212043,0.0286703685391895,0.0,3564.332735504251,10680.220938483939,0.362465478361886,1.3100276173104923,0.185741056108909,0
670,0.00755123824425183,0.4440310293528705,0.0035526066938212043,0.0286703685391895,0.0,3564.332735504251,10680.220938483939,0.362465478361886,1.3100276173104923,0.18495792729894175,0
671,0.0075452996108320925,0.4440310293528705,0.0035526066938212043,0.0286703685391895,0.0,3564.332735504251,10680.220938483939,0.362465478361886,1.3100276173104923,0.18416927058861876,0
672,0.007539335436831664,0.4440310293528705,0.0035526066938212043,0.0286703685391895,0.0,3564.332735504251,10680.220938483939,0.362465478361886,1.3100276173104923,0.18337498363865545,0
673,0.007533345146887158,0.4440310293528705,0.0035526066938212043,0.028072147431653205,1.6922364971472097,3554.1472491239515,10694.154759682831,0.36028831879955897,1.3117693449603538,0.18503288351684696,0
674,0.007527328146943384,0.4418960763135924,0.003527536429668732,0.028072147431653205,0.0,3554.1472491239515,10694.154759682831,0.36028831879955897,1.3117693449603538,0.1842483802941419,0
675,0.0075248097681140606,0.4418960763135924,0.003527536429668732,0.028072147431653205,0.0,3554.1472491239515,10694.154759682831,0.36028831879955897,1.3117693449603538,0.18345830837973104,0
676,0.007521243577275407,0.4418960763135924,0.003527536429668732,0.028072147431653205,0.0,3554.1472491239515,10694.154759682831,0.36028831879955897,1.3117693449603538,0.18266256409526718,0
677,0.007517675583534985,0.4418960763135924,0.003527536429668732,0.027561365072587246,1.4775100716346226,3545.3009514808055,10706.220804781056,0.3584029992529613,1.313277600597632,0.1839968985591105,0
678,0.007512832728696037,0.440045220462613,0.0035057101613277775,0.027561365072587246,0.0,3545.3009514808055,10706.220804781056,0.3584029992529613,1.313277600597632,0.18320820456957587,0
679,0.007507974875706073,0.440045220462613,0.0035057101613277775,0.027561365072587246,0.0,3545.3009514808055,10706.220804781056,0.3584029992529613,1.313277600597632,0.18241385026253998,0
680,0.007503101641149266,0.440045220462613,0.0035057101613277775,0.027561365072587246,0.0,3545.3009514808055,10706.220804781056,0.3584029992529613,1.313277600597632,0.18161372907863485,0
681,0.007495100219682225,0.440045220462613,0.0035057101613277775,0.02642076190869317,3.4012679109876744,3525.0235200652523,10733.753151055122,0.35410107014763875,1.3167191438818902,0.1857516335091052,0
682,0.007487052502765059,0.4358146162389902,0.0034554899780298264,0.02642076190869317,0.0,3525.0235200652523,10733.753151055122,0.35410107014763875,1.3167191438818902,0.18498247540683066,0
683,0.007478957503796009,0.4358146162389902,0.0034554899780298264,0.02642076190869317,0.0,3525.0235200652523,10733.753151055122,0.35410107014763875,1.3167191438818902,0.1842079856087195,0
684,0.007474721269973519,0.4358146162389902,0.0034554899780298264,0.02642076190869317,0.0,3525.0235200652523,10733.753151055122,0.35410107014763875,1.3167191438818902,0.18342806719728427,0
685,0.007470476923976234,0.4358146162389902,0.0034554899780298264,0.02642076190869317,0.0,3525.0235200652523,10733.753151055122,0.35410107014763875,1.3167191438818902,0.18264262038167525,0
686,0.007466224224982194,0.4358146162389902,0.0034554899780298264,0.02642076190869317,0.0,3525.0235200652523,10733.753151055122,0.35410107014763875,1.3167191438818902,0.18185154237883902,0
687,0.007461962923869152,0.4358146162389902,0.0034554899780298264,0.02642076190869317,0.0,3525.0235200652523,10733.753151055122,0.35410107014763875,1.3167191438818902,0.18105472728833946,0
688,0.007457692762838932,0.4358146162389902,0.0034554899780298264,0.02642076190869317,0.0,3525.0235200652523,10733.753151055122,0.35410107014763875,1.3167191438818902,0.18025206596042584,0
689,0.0074512034505634485,0.4358146162389902,0.0034554899780298264,0.02554881787397591,2.715961375516928,3509.005489000419,10755.37878835701,0.3507220643192186,1.3194223485446261,0.1833477359932422,0
690,0.007444682018576547,0.432484424062711,0.0034156235780104186,0.02554881787397591,0.0,3509.005489000419,10755.37878835701,0.3507220643192186,1.3194223485446261,0.18256750916629255,0
691,0.007441816111738024,0.432484424062711,0.0034156235780104186,0.02554881787397591,0.0,3509.005489000419,10755.37878835701,0.3507220643192186,1.3194223485446261,0.18178172347495275,0
692,0.007438956002292815,0.432484424062711,0.0034156235780104186,0.02554881787397591,0.0,3509.005489000419,10755.37878835701,0.3507220643192186,1.3194223485446261,0.18099027503685114,0
693,0.007434178226184096,0.432484424062711,0.0034156235780104186,0.02554881787397591,0.0,3509.005489000419,10755.37878835701,0.3507220643192186,1.3194223485446261,0.18019305680248074,0
694,0.007429386370586103,0.432484424062711,0.0034156235780104186,0.02554881787397591,0.0,3509.005489000419,10755.37878835701,0.3507220643192186,1.3194223485446261,0.17938995842045666,0
695,0.007424580063708773,0.432484424062711,0.0034156235780104186,0.02520591781224494,1.0998021816516275,3502.576553564997,10764.027761658654,0.3493706622408367,1.3205034702073317,0.18014008990139493,0
696,0.0074197589208713595,0.43115075056771,0.0033995725079634083,0.02520591781224494,0.0,3502.576553564997,10764.027761658654,0.3493706622408367,1.3205034702073317,0.1793389935691072,0
697,0.007410974075557764,0.43115075056771,0.0033995725079634083,0.02520591781224494,0.0,3502.576553564997,10764.027761658654,0.3493706622408367,1.3205034702073317,0.17853193144993995,0
698,0.007403281242266755,0.43115075056771,0.0033995725079634083,0.02428620948548244,3.024502637557431,3484.952238406243,10787.648217987324,0.3456799659394819,1.3234560272484155,0.18203302268366767,0
699,0.0073955441377758805,0.4275031985212254,0.003355416157039796,0.02428620948548244,0.0,3484.952238406243,10787.648217987324,0.3456799659394819,1.3234560272484155,0.1812522014806378,0
700,0.007388828234605492,0.4275031985212254,0.003355416157039796,0.02428620948548244,0.0,3484.952238406243,10787.648217987324,0.3456799659394819,1.3234560272484155,0.18046577252771878,0
701,0.0073820778431686615,0.4275031985212254,0.003355416157039796,0.02428620948548244,0.0,3484.952238406243,10787.648217987324,0.3456799659394819,1.3234560272484155,0.179673630180394,0
702,0.007377068576606586,0.4275031985212254,0.003355416157039796,0.02428620948548244,0.0,3484.952238406243,10787.648217987324,0.3456799659394819,1.3234560272484155,0.17887566554694664,0
703,0.007372042788732185,0.4275031985212254,0.003355416157039796,0.02428620948548244,0.0,3484.952238406243,10787.648217987324,0.3456799659394819,1.3234560272484155,0.1780717663491681,0
704,0.007367000045097585,0.4275031985212254,0.003355416157039796,0.02428620948548244,0.0,3484.952238406243,10787.648217987324,0.3456799659394819,1.3234560272484155,0.1772618167753604,0
705,0.007359572398915248,0.4275031985212254,0.003355416157039796,0.0234481410205698,2.8713156789059986,3468.3826774152235,10809.734993046357,0.34222890733650835,1.3262168741307945,0.18050792101267019,0
706,0.007352102978605779,0.4240854305527256,0.003313688726847598,0.0234481410205698,0.0,3468.3826774152235,10809.734993046357,0.34222890733650835,1.3262168741307945,0.17972224361080513,0
707,0.0073456452474503185,0.4240854305527256,0.003313688726847598,0.0234481410205698,0.0,3468.3826774152235,10809.734993046357,0.34222890733650835,1.3262168741307945,0.17893084013272384,0
708,0.007339155598030927,0.4240854305527256,0.003313688726847598,0.0234481410205698,0.0,3468.3826774152235,10809.734993046357,0.34222890733650835,1.3262168741307945,0.17813360109501566,0
709,0.007334595065355909,0.4240854305527256,0.003313688726847598,0.0234481410205698,0.0,3468.3826774152235,10809.734993046357,0.34222890733650835,1.3262168741307945,0.1773304135983469,0
710,0.007330022924474589,0.4240854305527256,0.003313688726847598,0.0234481410205698,0.0,3468.3826774152235,10809.734993046357,0.34222890733650835,1.3262168741307945,0.17652116117869962,0
711,0.007324025419509928,0.4240854305527256,0.003313688726847598,0.02333579217373833,0.3954937598680542,3466.1226497304133,10812.73853285156,0.3417596042419455,1.3265923166064448,0.1762549775113026,0
712,0.007318000498332271,0.42362012348334965,0.0033079806481315084,0.023080781045462042,0.9049133662028129,3460.9576995412667,10819.594544365656,0.3406883524428678,1.327449318045707,0.17669669898627577,0
713,0.007317162634669732,0.42255751400446284,0.003294920389937449,0.023080781045462042,0.0,3460.9576995412667,10819.594544365656,0.3406883524428678,1.327449318045707,0.1758854688906908,0
714,0.007312446004656133,0.42255751400446284,0.003294920389937449,0.022846248109915448,0.8423997212335418,3456.163786408397,10825.947926357574,0.3396956365066304,1.3282434907946967,0.17623634342459726,0
715,0.0073077169228410324,0.42157221010894486,0.003282779064954848,0.022846248109915448,0.0,3456.163786408397,10825.947926357574,0.3396956365066304,1.3282434907946967,0.1754234372459636,0
716,0.007302975047936844,0.42157221010894486,0.003282779064954848,0.02246134690066433,1.4025343092796683,3448.2033301190468,10836.47643547286,0.33805055695736685,1.3295595544341074,0.17655010494373607,0
717,0.007298220026740259,0.41993814418110564,0.0032625762677576885,0.02246134690066433,0.0,3448.2033301190468,10836.47643547286,0.33805055695736685,1.3295595544341074,0.17574267266729435,0
718,0.007293451493579264,0.41993814418110564,0.0032625762677576885,0.02246134690066433,0.0,3448.2033301190468,10836.47643547286,0.33805055695736685,1.3295595544341074,0.17492905579455997,0
719,0.007288669069727727,0.41993814418110564,0.0032625762677576885,0.022213476083164405,0.9185640685590232,3443.0142728689234,10843.325043507375,0.336980461951974,1.3304156304384218,0.17537606938931802,0
720,0.007283872362785185,0.4188743597724091,0.0032493784723404977,0.022213476083164405,0.0,3443.0142728689234,10843.325043507375,0.336980461951974,1.3304156304384218,0.17456164346698982,0
721,0.007275372582112816,0.4188743597724091,0.0032493784723404977,0.021990158888506372,0.8377393573389236,3438.296201297399,10849.54214263974,0.3360090402125419,1.3311927678299675,0.17489311126608842,0
722,0.0072710342084634175,0.4179080815700693,0.0032373587067727164,0.021990158888506372,0.0,3438.296201297399,10849.54214263974,0.3360090402125419,1.3311927678299675,0.17407678713086874,0
723,0.007266687211392506,0.4179080815700693,0.0032373587067727164,0.021581285121390625,1.557142552006892,3429.549467674035,10861.042968103291,0.3342120362338621,1.3326303710129115,0.17539791272651103,0
724,0.0072623313181273885,0.4161191178489579,0.0032150245484157238,0.021581285121390625,0.0,3429.549467674035,10861.042968103291,0.3342120362338621,1.3326303710129115,0.17458890710445563,0
725,0.00725796624593618,0.4161191178489579,0.0032150245484157238,0.021581285121390625,0.0,3429.549467674035,10861.042968103291,0.3342120362338621,1.3326303710129115,0.1737736517150557,0
726,0.007253591701650408,0.4161191178489579,0.0032150245484157238,0.021581285121390625,0.0,3429.549467674035,10861.042968103291,0.3342120362338621,1.3326303710129115,0.17295201982542568,0
727,0.007248706334011848,0.4161191178489579,0.0032150245484157238,0.020537181401478626,4.11415920214871,3406.5460625881346,10891.134970301937,0.32951016089032376,1.336391871287742,0.17783003168703257,0
728,0.007242657638960464,0.4114291409840881,0.0031559596003381835,0.020537181401478626,0.0,3406.5460625881346,10891.134970301937,0.32951016089032376,1.336391871287742,0.1770481304172951,0
729,0.007238985314533583,0.4114291409840881,0.0031559596003381835,0.020537181401478626,0.0,3406.5460625881346,10891.134970301937,0.32951016089032376,1.336391871287742,0.1762604723081121,0
730,0.007234244675783678,0.4114291409840881,0.0031559596003381835,0.020537181401478626,0.0,3406.5460625881346,10891.134970301937,0.32951016089032376,1.336391871287742,0.17546694615182837,0
731,0.0072294902504993815,0.4114291409840881,0.0031559596003381835,0.020537181401478626,0.0,3406.5460625881346,10891.134970301937,0.32951016089032376,1.336391871287742,0.17466743723489062,0
732,0.007222945223203432,0.4114291409840881,0.0031559596003381835,0.020537181401478626,0.0,3406.5460625881346,10891.134970301937,0.32951016089032376,1.336391871287742,0.1738618271835586,0
733,0.007218139323843491,0.4114291409840881,0.0031559596003381835,0.020537181401478626,0.0,3406.5460625881346,10891.134970301937,0.32951016089032376,1.336391871287742,0.1730499938008567,0
734,0.007213318938013682,0.4114291409840881,0.0031559596003381835,0.020537181401478626,0.0,3406.5460625881346,10891.134970301937,0.32951016089032376,1.336391871287742,0.17223181089415165,0
735,0.007207325196725153,0.4114291409840881,0.0031559596003381835,0.020537181401478626,0.0,3406.5460625881346,10891.134970301937,0.32951016089032376,1.336391871287742,0.17140714809269564,0
736,0.0072030185462468015,0.4114291409840881,0.0031559596003381835,0.019727829364561886,3.362381593024106,3388.008457741632,10915.222195008868,0.325746532029866,1.3394027743761086,0.17517028638109117,0
737,0.0071976485136893125,0.4076653884903673,0.003107998860102671,0.019727829364561886,0.0,3388.008457741632,10915.222195008868,0.325746532029866,1.3394027743761086,0.17437576900250093,0
738,0.007192257419390425,0.4076653884903673,0.003107998860102671,0.019727829364561886,0.0,3388.008457741632,10915.222195008868,0.325746532029866,1.3394027743761086,0.17357521636335402,0
739,0.007187160671128836,0.4076653884903673,0.003107998860102671,0.019727829364561886,0.0,3388.008457741632,10915.222195008868,0.325746532029866,1.3394027743761086,0.1727685081451393,0
740,0.007182046423737487,0.4076653884903673,0.003107998860102671,0.019727829364561886,0.0,3388.008457741632,10915.222195008868,0.325746532029866,1.3394027743761086,0.171955520113501,0
741,0.007176914190335236,0.4076653884903673,0.003107998860102671,0.019727829364561886,0.0,3388.008457741632,10915.222195008868,0.325746532029866,1.3394027743761086,0.1711361239402716,0
742,0.007171763465885082,0.4076653884903673,0.003107998860102671,0.019727829364561886,0.0,3388.008457741632,10915.222195008868,0.325746532029866,1.3394027743761086,0.1703101870150648,0
743,0.007164522809798268,0.4076653884903673,0.003107998860102671,0.01927850299505628,1.9413504803124426,3377.431342265753,10928.900714156076,0.32360926341311463,1.3411125892695095,0.1720880087176668,0
744,0.007157242203585116,0.40552418107457044,0.0030804811245305178,0.01927850299505628,0.0,3377.431342265753,10928.900714156076,0.32360926341311463,1.3411125892695095,0.1712739207878844,0
745,0.007149920700552615,0.40552418107457044,0.0030804811245305178,0.01927850299505628,0.0,3377.431342265753,10928.900714156076,0.32360926341311463,1.3411125892695095,0.17045338178478328,0
746,0.007142557320676562,0.40552418107457044,0.0030804811245305178,0.01927850299505628,0.0,3377.431342265753,10928.900714156076,0.32360926341311463,1.3411125892695095,0.16962625748975027,0
747,0.007135151049002517,0.40552418107457044,0.0030804811245305178,0.0189531887610351,1.4398959124184347,3369.63966985149,10938.946813535931,0.3220395603850125,1.3423683516919913,0.17071329995986326,0
748,0.007129020790699261,0.4039497838625308,0.003060136598820981,0.0189531887610351,0.0,3369.63966985149,10938.946813535931,0.3220395603850125,1.3423683516919913,0.16989144966754124,0
749,0.007122861254558743,0.4039497838625308,0.003060136598820981,0.0189531887610351,0.0,3369.63966985149,10938.946813535931,0.3220395603850125,1.3423683516919913,0.16906297115808092,0
750,0.0071168362515697465,0.4039497838625308,0.003060136598820981,0.01864357143945196,1.3973874219531635,3362.1158504113514,10948.623224698827,0.3205276211408097,1.3435779030873534,0.17008362688033682,0
751,0.007115199282391694,0.4024318714443144,0.0030404307563793686,0.01864357143945196,0.0,3362.1158504113514,10948.623224698827,0.3205276211408097,1.3435779030873534,0.16925979421453535,0
752,0.007109368515190798,0.4024318714443144,0.0030404307563793686,0.01864357143945196,0.0,3362.1158504113514,10948.623224698827,0.3205276211408097,1.3435779030873534,0.16842927645013397,0
753,0.007103513102424849,0.4024318714443144,0.0030404307563793686,0.018240509893182773,1.858341996860446,3352.1578080636277,10961.393543982096,0.3185322587527988,1.345174192997762,0.17005477333103686,0
754,0.007097632407259294,0.4004264316594478,0.003014255334916501,0.018240509893182773,0.0,3352.1578080636277,10961.393543982096,0.3185322587527988,1.345174192997762,0.16923479617542797,0
755,0.007091725769674203,0.4004264316594478,0.003014255334916501,0.018240509893182773,0.0,3352.1578080636277,10961.393543982096,0.3185322587527988,1.345174192997762,0.16840819537754678,0
756,0.007085792505324441,0.4004264316594478,0.003014255334916501,0.018240509893182773,0.0,3352.1578080636277,10961.393543982096,0.3185322587527988,1.345174192997762,0.16757483043148225,0
757,0.007079831904328576,0.4004264316594478,0.003014255334916501,0.017699000212566634,2.569671634642088,3338.4755074302893,10978.87163029455,0.31580130776647797,1.3473589537868187,0.17013167000588375,0
758,0.007075611510328274,0.39767760929754054,0.002978110148396805,0.017699000212566634,0.0,3338.4755074302893,10978.87163029455,0.31580130776647797,1.3473589537868187,0.1693179215773832,0
759,0.007068978595903778,0.39767760929754054,0.002978110148396805,0.017699000212566634,0.0,3338.4755074302893,10978.87163029455,0.31580130776647797,1.3473589537868187,0.1684976529718845,0
760,0.007062310366012022,0.39767760929754054,0.002978110148396805,0.017699000212566634,0.0,3338.4755074302893,10978.87163029455,0.31580130776647797,1.3473589537868187,0.16767072700770655,0
761,0.007057830110312082,0.39767760929754054,0.002978110148396805,0.017699000212566634,0.0,3338.4755074302893,10978.87163029455,0.31580130776647797,1.3473589537868187,0.16683700178857963,0
762,0.007053339623636721,0.39767760929754054,0.002978110148396805,0.017475502198206178,1.0907802718202422,3332.7226865488137,10986.19682547112,0.31465674602013877,1.34827460318389,0.16741758038545335,0
763,0.007047065225996341,0.39652414533427377,0.002962848450580194,0.017475502198206178,0.0,3332.7226865488137,10986.19682547112,0.31465674602013877,1.34827460318389,0.16658417890517743,0
764,0.0070407593113906266,0.39652414533427377,0.002962848450580194,0.017447760823626857,0.13679803220358883,3332.0041958117286,10987.1107149186,0.3145139507939702,1.348388839364825,0.16592072052909845,0
765,0.0070386187681663985,0.39638018064700314,0.0029609396368554166,0.016725399838366337,3.628550055285059,3312.9386407616894,11011.281736042936,0.3107372287432924,1.351410217005367,0.1698380396496567,0
766,0.007034780104814442,0.392567760640422,0.0029100612688665347,0.016725399838366337,0.0,3312.9386407616894,11011.281736042936,0.3107372287432924,1.351410217005367,0.16903244826662,0
767,0.007030938920573357,0.392567760640422,0.0029100612688665347,0.016725399838366337,0.0,3312.9386407616894,11011.281736042936,0.3107372287432924,1.351410217005367,0.16822045599206137,0
768,0.007027095041323439,0.392567760640422,0.0029100612688665347,0.016725399838366337,0.0,3312.9386407616894,11011.281736042936,0.3107372287432924,1.351410217005367,0.1674019292901953,0
769,0.007020970509788061,0.392567760640422,0.0029100612688665347,0.016725399838366337,0.0,3312.9386407616894,11011.281736042936,0.3107372287432924,1.351410217005367,0.16657673007509483,0
770,0.007014816325694996,0.392567760640422,0.0029100612688665347,0.016725399838366337,0.0,3312.9386407616894,11011.281736042936,0.3107372287432924,1.351410217005367,0.16574471549406974,0
771,0.007008631686219656,0.392567760640422,0.0029100612688665347,0.016725399838366337,0.0,3312.9386407616894,11011.281736042936,0.3107372287432924,1.351410217005367,0.1649057376977266,0
772,0.007006830090450608,0.392567760640422,0.0029100612688665347,0.016442831180648727,1.476535986955153,3305.2865678548005,11020.93981381486,0.3092281540914289,1.3526174767268577,0.16595719149487503,0
773,0.007001905704059553,0.3910418351594277,0.0028895144002900226,0.016442831180648727,0.0,3305.2865678548005,11020.93981381486,0.3092281540914289,1.3526174767268577,0.16512326904390118,0
774,0.006996966427296472,0.3910418351594277,0.0028895144002900226,0.016442831180648727,0.0,3305.2865678548005,11020.93981381486,0.3092281540914289,1.3526174767268577,0.16428232506709928,0
775,0.006992011807583907,0.3910418351594277,0.0028895144002900226,0.016094294653174232,1.861629212896932,3295.689928575134,11033.017343697626,0.3073410400472468,1.3541271679622033,0.16581918992595812,0
776,0.006987041374676732,0.38913155119026593,0.002863639717829954,0.016094294653174232,0.0,3295.689928575134,11033.017343697626,0.3073410400472468,1.3541271679622033,0.16498821548387896,0
777,0.006982054639743307,0.38913155119026593,0.002863639717829954,0.016094294653174232,0.0,3295.689928575134,11033.017343697626,0.3073410400472468,1.3541271679622033,0.16415026337078653,0
778,0.006975731137635671,0.38913155119026593,0.002863639717829954,0.016094294653174232,0.0,3295.689928575134,11033.017343697626,0.3073410400472468,1.3541271679622033,0.16330517966229355,0
779,0.006972072038924096,0.38913155119026593,0.002863639717829954,0.015458489378383697,3.5102086983823435,3277.711163900496,11055.539471328906,0.30382195760485925,1.3569424339161134,0.16695471783479432,0
780,0.0069682479455633025,0.38556297812764034,0.0028148342377873337,0.015458489378383697,0.0,3277.711163900496,11055.539471328906,0.30382195760485925,1.3569424339161134,0.1661407268446707,0
781,0.006960004427894323,0.38556297812764034,0.0028148342377873337,0.015458489378383697,0.0,3277.711163900496,11055.539471328906,0.30382195760485925,1.3569424339161134,0.16532008698902845,0
782,0.006951706413391283,0.38556297812764034,0.0028148342377873337,0.015458489378383697,0.0,3277.711163900496,11055.539471328906,0.30382195760485925,1.3569424339161134,0.16449265563267748,0
783,0.006943737971137625,0.38556297812764034,0.0028148342377873337,0.015458489378383697,0.0,3277.711163900496,11055.539471328906,0.30382195760485925,1.3569424339161134,0.16365828514109562,0
784,0.00693844639795557,0.38556297812764034,0.0028148342377873337,0.015458489378383697,0.0,3277.711163900496,11055.539471328906,0.30382195760485925,1.3569424339161134,0.16281682263552624,0
785,0.0069331353442013835,0.38556297812764034,0.0028148342377873337,0.015458489378383697,0.0,3277.711163900496,11055.539471328906,0.30382195760485925,1.3569424339161134,0.16196810973257744,0
786,0.006927804229471234,0.38556297812764034,0.0028148342377873337,0.014816334119210255,3.7228913924680285,3258.892011801411,11078.968537638815,0.30016116599393605,1.359871067204852,0.1658344787158476,0
787,0.00692245245015739,0.3818419181424636,0.0027632619495128346,0.014816334119210255,0.0,3258.892011801411,11078.968537638815,0.30016116599393605,1.359871067204852,0.16501935166038526,0
788,0.00691553801827192,0.3818419181424636,0.0027632619495128346,0.014816334119210255,0.0,3258.892011801411,11078.968537638815,0.30016116599393605,1.359871067204852,0.16419751184273815,0
789,0.006912769411169897,0.3818419181424636,0.0027632619495128346,0.014816334119210255,0.0,3258.892011801411,11078.968537638815,0.30016116599393605,1.359871067204852,0.16336881406364429,0
790,0.0069100117243772125,0.3818419181424636,0.0027632619495128346,0.014816334119210255,0.0,3258.892011801411,11078.968537638815,0.30016116599393605,1.359871067204852,0.16253310799198298,0
791,0.006905040878386252,0.3818419181424636,0.0027632619495128346,0.014816334119210255,0.0,3258.892011801411,11078.968537638815,0.30016116599393605,1.359871067204852,0.16169023791124743,0
792,0.006900054257174592,0.3818419181424636,0.0027632619495128346,0.014816334119210255,0.0,3258.892011801411,11078.968537638815,0.30016116599393605,1.359871067204852,0.1608400424498354,0
793,0.006895051358007888,0.3818419181424636,0.0027632619495128346,0.014435269214366208,2.3092943637842955,3247.3884656045743,11093.216564500886,0.29793491179673764,1.3616520705626107,0.16285611070537614,0
794,0.006890031657556226,0.37957457742537976,0.002731479796155082,0.014435269214366208,0.0,3247.3884656045743,11093.216564500886,0.29793491179673764,1.3616520705626107,0.16202108086560982,0
795,0.00688079687713702,0.37957457742537976,0.002731479796155082,0.014435269214366208,0.0,3247.3884656045743,11093.216564500886,0.29793491179673764,1.3616520705626107,0.1611788759972581,0
796,0.006877154881165069,0.37957457742537976,0.002731479796155082,0.014435269214366208,0.0,3247.3884656045743,11093.216564500886,0.29793491179673764,1.3616520705626107,0.16032933409677674,0
797,0.00687351371467633,0.37957457742537976,0.002731479796155082,0.014381324135743149,0.3343263900348101,3245.73882562789,11095.255205503137,0.2976163741401356,1.361906900687892,0.15988144718002606,0
798,0.006869873272324985,0.379249884415924,0.0027269055503211254,0.01400674611130221,2.353541211471172,3234.1344109190923,11109.563702983589,0.2953806714088151,1.3636954628729485,0.16192309885376635,0
799,0.006866233443558781,0.37696901834700486,0.002694607014326579,0.01400674611130221,0.0,3234.1344109190923,11109.563702983589,0.2953806714088151,1.3636954628729485,0.16108592793975665,0
800,0.006862594112320011,0.37696901834700486,0.002694607014326579,0.01400674611130221,0.0,3234.1344109190923,11109.563702983589,0.2953806714088151,1.3636954628729485,0.16024150326936396,0
801,0.0068589551567255595,0.37696901834700486,0.002694607014326579,0.01400674611130221,0.0,3234.1344109190923,11109.563702983589,0.2953806714088151,1.3636954628729485,0.15938965967311702,0
802,0.00685090211571463,0.37696901834700486,0.002694607014326579,0.013975860117923442,0.19843145633496445,3233.165637617355,11110.755660114855,0.29519442810705465,1.363844457514357,0.15877059091437482,0
803,0.0068427955865195695,0.37677885727202476,0.002691900898342218,0.013422356362940863,3.621190648350632,3215.4828572223346,11132.442823609812,0.29180580881096785,1.3665553529512264,0.16235403327148978,0
804,0.006834634156094777,0.3733147471519441,0.0026422341212171416,0.013422356362940863,0.0,3215.4828572223346,11132.442823609812,0.29180580881096785,1.3665553529512264,0.16152879233084744,0
805,0.006831079544590577,0.3733147471519441,0.0026422341212171416,0.013422356362940863,0.0,3215.4828572223346,11132.442823609812,0.29180580881096785,1.3665553529512264,0.16069652226024064,0
806,0.006827526884245452,0.3733147471519441,0.0026422341212171416,0.013422356362940863,0.0,3215.4828572223346,11132.442823609812,0.29180580881096785,1.3665553529512264,0.15985706574784223,0
807,0.006823976088088361,0.3733147471519441,0.0026422341212171416,0.013422356362940863,0.0,3215.4828572223346,11132.442823609812,0.29180580881096785,1.3665553529512264,0.15901025972688015,0
808,0.0068204270643654735,0.3733147471519441,0.0026422341212171416,0.013422356362940863,0.0,3215.4828572223346,11132.442823609812,0.29180580881096785,1.3665553529512264,0.1581559350812316,0
809,0.006814182217867793,0.3733147471519441,0.0026422341212171416,0.013422356362940863,0.0,3215.4828572223346,11132.442823609812,0.29180580881096785,1.3665553529512264,0.15729391633155054,0
810,0.006807905352348084,0.3733147471519441,0.0026422341212171416,0.012709397059149152,4.9287958595335475,3191.752828576899,11161.340171243774,0.287290598243161,1.3701675214054718,0.16243048995721676,0
811,0.0068015955424802705,0.3686864111828859,0.002574728528396505,0.012709397059149152,0.0,3191.752828576899,11161.340171243774,0.287290598243161,1.3701675214054718,0.16161635220948425,0
812,0.006797117926309896,0.3686864111828859,0.002574728528396505,0.012709397059149152,0.0,3191.752828576899,11161.340171243774,0.287290598243161,1.3701675214054718,0.16079537694209733,0
813,0.006792244744750828,0.3686864111828859,0.002574728528396505,0.012709397059149152,0.0,3191.752828576899,11161.340171243774,0.287290598243161,1.3701675214054718,0.15996741329501765,0
814,0.0067846268641564,0.3686864111828859,0.002574728528396505,0.012709397059149152,0.0,3191.752828576899,11161.340171243774,0.287290598243161,1.3701675214054718,0.1591323049682321,0
815,0.006779396553266456,0.3686864111828859,0.002574728528396505,0.012709397059149152,0.0,3191.752828576899,11161.340171243774,0.287290598243161,1.3701675214054718,0.15828988994749035,0
816,0.006774147000203001,0.3686864111828859,0.002574728528396505,0.012709397059149152,0.0,3191.752828576899,11161.340171243774,0.287290598243161,1.3701675214054718,0.15744000021217364,0
817,0.006768877582859346,0.3686864111828859,0.002574728528396505,0.012709397059149152,0.0,3191.752828576899,11161.340171243774,0.287290598243161,1.3701675214054718,0.15658246142385793,0
818,0.006763360732128906,0.3686864111828859,0.002574728528396505,0.012709397059149152,0.0,3191.752828576899,11161.340171243774,0.287290598243161,1.3701675214054718,0.15571709259400204,0
819,0.006757372494911799,0.3686864111828859,0.002574728528396505,0.012148275967683983,4.134188597487514,3172.2532736891426,11184.90882541491,0.2836079960289211,1.3731136031768636,0.15976950321907044,0
820,0.006751356493014981,0.36490076758849593,0.002518470956551895,0.012148275967683983,0.0,3172.2532736891426,11184.90882541491,0.2836079960289211,1.3731136031768636,0.15894149273501673,0
821,0.006745311914566583,0.36490076758849593,0.002518470956551895,0.012148275967683983,0.0,3172.2532736891426,11184.90882541491,0.2836079960289211,1.3731136031768636,0.15810629062620576,0
822,0.006739237914365686,0.36490076758849593,0.002518470956551895,0.012148275967683983,0.0,3172.2532736891426,11184.90882541491,0.2836079960289211,1.3731136031768636,0.15726373274018626,0
823,0.0067331336120335225,0.36490076758849593,0.002518470956551895,0.012148275967683983,0.0,3172.2532736891426,11184.90882541491,0.2836079960289211,1.3731136031768636,0.1564136487983163,0
824,0.006726998090034023,0.36490076758849593,0.002518470956551895,0.012148275967683983,0.0,3172.2532736891426,11184.90882541491,0.2836079960289211,1.3731136031768636,0.15555586207597086,0
825,0.0067256284056522375,0.36490076758849593,0.002518470956551895,0.012148275967683983,0.0,3172.2532736891426,11184.90882541491,0.2836079960289211,1.3731136031768636,0.15469018906116566,0
826,0.006718628170586857,0.36490076758849593,0.002518470956551895,0.011929084933828948,1.6903604596924415,3164.4241555852773,11194.32679191188,0.28213643876376937,1.374290848988985,0.1557771587533711,0
827,0.006711588182897607,0.3633852910659895,0.0024956711557445155,0.011929084933828948,0.0,3164.4241555852773,11194.32679191188,0.28213643876376937,1.374290848988985,0.15491722152766024,0
828,0.006704507343984697,0.3633852910659895,0.0024956711557445155,0.011929084933828948,0.0,3164.4241555852773,11194.32679191188,0.28213643876376937,1.374290848988985,0.15404932572577298,0
829,0.006697384510850576,0.3633852910659895,0.0024956711557445155,0.011648763182992442,2.2169411944920343,3154.2283216363226,11206.553223035466,0.28022605890070906,1.3758191528794332,0.15573284907608717,0
830,0.006690218493658656,0.3614155340863628,0.0024657881333516023,0.011648763182992442,0.0,3154.2283216363226,11206.553223035466,0.28022605890070906,1.3758191528794332,0.15487730963817992,0
831,0.006683008053120551,0.3614155340863628,0.0024657881333516023,0.011648763182992442,0.0,3154.2283216363226,11206.553223035466,0.28022605890070906,1.3758191528794332,0.15401389080031333,0
832,0.006677301047774611,0.3614155340863628,0.0024657881333516023,0.011648763182992442,0.0,3154.2283216363226,11206.553223035466,0.28022605890070906,1.3758191528794332,0.15314240172776405,0
833,0.006671568395030739,0.3614155340863628,0.0024657881333516023,0.011232162224254997,3.412758538533746,3138.67688381879,11225.117908180673,0.2773253268467702,1.3781397385225842,0.15618645209440143,0
834,0.006665809269887567,0.358419497651769,0.002419774377922849,0.011232162224254997,0.0,3138.67688381879,11225.117908180673,0.2773253268467702,1.3781397385225842,0.15534233065601818,0
835,0.0066612247371441845,0.358419497651769,0.002419774377922849,0.011232162224254997,0.0,3138.67688381879,11225.117908180673,0.2773253268467702,1.3781397385225842,0.15449056173387007,0
836,0.0066566308424184486,0.358419497651769,0.002419774377922849,0.011232162224254997,0.0,3138.67688381879,11225.117908180673,0.2773253268467702,1.3781397385225842,0.1536309631639418,0
837,0.00665202721393218,0.358419497651769,0.002419774377922849,0.011232162224254997,0.0,3138.67688381879,11225.117908180673,0.2773253268467702,1.3781397385225842,0.15276334568384503,0
838,0.006647413463691134,0.358419497651769,0.002419774377922849,0.011232162224254997,0.0,3138.67688381879,11225.117908180673,0.2773253268467702,1.3781397385225842,0.1518875125457068,0
839,0.00664278918655992,0.358419497651769,0.002419774377922849,0.010719470997579599,4.418034136272059,3118.8390563976764,11248.652363019308,0.2736480682782337,1.3810815453774135,0.15603086819347942,0
840,0.006638153959270423,0.3546123931075306,0.002360270995260372,0.010719470997579599,0.0,3118.8390563976764,11248.652363019308,0.2736480682782337,1.3810815453774135,0.15519464375781797,0
841,0.006633507339357871,0.3546123931075306,0.002360270995260372,0.010719470997579599,0.0,3118.8390563976764,11248.652363019308,0.2736480682782337,1.3810815453774135,0.15435090713666583,0
842,0.006626982762402269,0.3546123931075306,0.002360270995260372,0.010719470997579599,0.0,3118.8390563976764,11248.652363019308,0.2736480682782337,1.3810815453774135,0.15349948091142163,0
843,0.00662042104768472,0.3546123931075306,0.002360270995260372,0.010719470997579599,0.0,3118.8390563976764,11248.652363019308,0.2736480682782337,1.3810815453774135,0.15264018080958905,0
844,0.006618986488599229,0.3546123931075306,0.002360270995260372,0.010719470997579599,0.0,3118.8390563976764,11248.652363019308,0.2736480682782337,1.3810815453774135,0.15177281533426099,0
845,0.006615145485181297,0.3546123931075306,0.002360270995260372,0.010719470997579599,0.0,3118.8390563976764,11248.652363019308,0.2736480682782337,1.3810815453774135,0.1508971853676945,0
846,0.006611304091960548,0.3546123931075306,0.002360270995260372,0.010557574706029617,1.4633928932630718,3112.404270855396,11256.25080304555,0.2724608120241331,1.3820313503806938,0.1516268616382462,0
847,0.006607462140206109,0.35338103411463356,0.002340764614924356,0.010557574706029617,0.0,3112.404270855396,11256.25080304555,0.2724608120241331,1.3820313503806938,0.15075298834091047,0
848,0.0066036194523444265,0.35338103411463356,0.002340764614924356,0.010557574706029617,0.0,3112.404270855396,11256.25080304555,0.2724608120241331,1.3820313503806938,0.14987066927870416,0
849,0.006596036873507441,0.35338103411463356,0.002340764614924356,0.009970934938424507,5.5002847516739966,3088.3495557605797,11284.501960356924,0.2680465686942308,1.3855627450446155,0.15510596357790296,0
850,0.006588403596789786,0.3487933544193581,0.002266891609571418,0.009970934938424507,0.0,3088.3495557605797,11284.501960356924,0.2680465686942308,1.3855627450446155,0.15427582700160022,0
851,0.0065807181266762105,0.3487933544193581,0.002266891609571418,0.009970934938424507,0.0,3088.3495557605797,11284.501960356924,0.2680465686942308,1.3855627450446155,0.15343824313392054,0
852,0.006578790870901764,0.3487933544193581,0.002266891609571418,0.009970934938424507,0.0,3088.3495557605797,11284.501960356924,0.2680465686942308,1.3855627450446155,0.1525930363322334,0
853,0.0065768887488180374,0.3487933544193581,0.002266891609571418,0.009970934938424507,0.0,3088.3495557605797,11284.501960356924,0.2680465686942308,1.3855627450446155,0.15174002417812615,0
854,0.006575012247376553,0.3487933544193581,0.002266891609571418,0.009970934938424507,0.0,3088.3495557605797,11284.501960356924,0.2680465686942308,1.3855627450446155,0.1508790171116311,0
855,0.006568363857870088,0.3487933544193581,0.002266891609571418,0.009970934938424507,0.0,3088.3495557605797,11284.501960356924,0.2680465686942308,1.3855627450446155,0.1500098180399114,0
856,0.006561678343443622,0.3487933544193581,0.002266891609571418,0.009970934938424507,0.0,3088.3495557605797,11284.501960356924,0.2680465686942308,1.3855627450446155,0.14913222191820658,0
857,0.006554954587740854,0.3487933544193581,0.002266891609571418,0.009970934938424507,0.0,3088.3495557605797,11284.501960356924,0.2680465686942308,1.3855627450446155,0.148246015300611,0
858,0.006548191426013849,0.3487933544193581,0.002266891609571418,0.009479219002992841,4.958395701179687,3067.2255497267424,11309.111422690294,0.26420134020464164,1.3886389278362867,0.1527228345676992,0
859,0.006541387642273912,0.3447847218432923,0.0022006842443007273,0.009479219002992841,0.0,3067.2255497267424,11309.111422690294,0.26420134020464164,1.3886389278362867,0.15188124409942105,0
860,0.006534541966228183,0.3447847218432923,0.0022006842443007273,0.009479219002992841,0.0,3067.2255497267424,11309.111422690294,0.26420134020464164,1.3886389278362867,0.15103187865990292,0
861,0.0065345486580080745,0.3447847218432923,0.0022006842443007273,0.009479219002992841,0.0,3067.2255497267424,11309.111422690294,0.26420134020464164,1.3886389278362867,0.15017454935292046,0
862,0.006533057878250068,0.3447847218432923,0.0022006842443007273,0.009479219002992841,0.0,3067.2255497267424,11309.111422690294,0.26420134020464164,1.3886389278362867,0.14930905977277342,0
863,0.006531598552204253,0.3447847218432923,0.0022006842443007273,0.009479219002992841,0.0,3067.2255497267424,11309.111422690294,0.26420134020464164,1.3886389278362867,0.14843520558636367,0
864,0.0065301713376300415,0.3447847218432923,0.0022006842443007273,0.009479219002992841,0.0,3067.2255497267424,11309.111422690294,0.26420134020464164,1.3886389278362867,0.147552774085176,0
865,0.0065229118026027665,0.3447847218432923,0.0022006842443007273,0.009479219002992841,0.0,3067.2255497267424,11309.111422690294,0.26420134020464164,1.3886389278362867,0.14666154370448542,0
866,0.006515607051851142,0.3447847218432923,0.0022006842443007273,0.008954127607222452,5.68162670360533,3043.595144760742,11336.419702928379,0.25993442141744105,1.3920524628660473,0.15178870943696074,0
867,0.006508255752249811,0.34032279181008984,0.002124985966822651,0.008954127607222452,0.0,3043.595144760742,11336.419702928379,0.25993442141744105,1.3920524628660473,0.15095000222317498,0
868,0.006500856512901383,0.34032279181008984,0.002124985966822651,0.008954127607222452,0.0,3043.595144760742,11336.419702928379,0.25993442141744105,1.3920524628660473,0.15010352557599604,0
869,0.006493407881723956,0.34032279181008984,0.002124985966822651,0.008954127607222452,0.0,3043.595144760742,11336.419702928379,0.25993442141744105,1.3920524628660473,0.1492490902138458,0
870,0.006485908341780825,0.34032279181008984,0.002124985966822651,0.008954127607222452,0.0,3043.595144760742,11336.419702928379,0.25993442141744105,1.3920524628660473,0.14838649930935685,0
871,0.006481955073058325,0.34032279181008984,0.002124985966822651,0.008954127607222452,0.0,3043.595144760742,11336.419702928379,0.25993442141744105,1.3920524628660473,0.1475155480682425,0
872,0.006478000277264139,0.34032279181008984,0.002124985966822651,0.008954127607222452,0.0,3043.595144760742,11336.419702928379,0.25993442141744105,1.3920524628660473,0.14663602327775033,0
873,0.006474043730466993,0.34032279181008984,0.002124985966822651,0.008954127607222452,0.0,3043.595144760742,11336.419702928379,0.25993442141744105,1.3920524628660473,0.1457477028219892,0
874,0.006464919750740575,0.34032279181008984,0.002124985966822651,0.008954127607222452,0.0,3043.595144760742,11336.419702928379,0.25993442141744105,1.3920524628660473,0.14485035516112885,0
875,0.006455722655416422,0.34032279181008984,0.002124985966822651,0.00836812037167195,6.884912591523395,3015.7651085940465,11368.282040537033,0.2549559311660888,1.396035255067129,0.15107486416063323,0
876,0.006447896437246548,0.3350982005402023,0.002033357272189575,0.00836812037167195,0.0,3015.7651085940465,11368.282040537033,0.2549559311660888,1.396035255067129,0.15024318973677783,0
877,0.0064400144131990834,0.3350982005402023,0.002033357272189575,0.00836812037167195,0.0,3015.7651085940465,11368.282040537033,0.2549559311660888,1.396035255067129,0.14940383969988658,0
878,0.006432855409869228,0.3350982005402023,0.002033357272189575,0.00836812037167195,0.0,3015.7651085940465,11368.282040537033,0.2549559311660888,1.396035255067129,0.14855662775792305,0
879,0.006425648914141996,0.3350982005402023,0.002033357272189575,0.00836812037167195,0.0,3015.7651085940465,11368.282040537033,0.2549559311660888,1.396035255067129,0.14770136022055597,0
880,0.006425520107807592,0.3350982005402023,0.002033357272189575,0.00836812037167195,0.0,3015.7651085940465,11368.282040537033,0.2549559311660888,1.396035255067129,0.14683783558785563,0
881,0.006425443644009012,0.3350982005402023,0.002033357272189575,0.00836812037167195,0.0,3015.7651085940465,11368.282040537033,0.2549559311660888,1.396035255067129,0.14596584410940167,0
882,0.006419608790615852,0.3350982005402023,0.002033357272189575,0.00836812037167195,0.0,3015.7651085940465,11368.282040537033,0.2549559311660888,1.396035255067129,0.1450851673111735,0
883,0.006413748286489023,0.3350982005402023,0.002033357272189575,0.00836812037167195,0.0,3015.7651085940465,11368.282040537033,0.2549559311660888,1.396035255067129,0.14419557748731857,0
884,0.006407861284385113,0.3350982005402023,0.002033357272189575,0.00836812037167195,0.0,3015.7651085940465,11368.282040537033,0.2549559311660888,1.396035255067129,0.14329683715357833,0
885,0.006401946898915531,0.3350982005402023,0.002033357272189575,0.008074645289546637,3.7449248589890844,3001.1889227271417,11384.841131516812,0.25236857320049866,1.3981051414396015,0.14608290322965412,0
886,0.00639600420423437,0.33237489864490344,0.001984176427628655,0.008074645289546637,0.0,3001.1889227271417,11384.841131516812,0.25236857320049866,1.3981051414396015,0.145210936380295,0
887,0.0063900322315477934,0.33237489864490344,0.001984176427628655,0.008074645289546637,0.0,3001.1889227271417,11384.841131516812,0.25236857320049866,1.3981051414396015,0.1443302395359148,0
888,0.006384029966428107,0.33237489864490344,0.001984176427628655,0.008074645289546637,0.0,3001.1889227271417,11384.841131516812,0.25236857320049866,1.3981051414396015,0.143440582620924,0
889,0.0063779963459137355,0.33237489864490344,0.001984176427628655,0.008074645289546637,0.0,3001.1889227271417,11384.841131516812,0.25236857320049866,1.3981051414396015,0.14254172562710263,0
890,0.006374658246133605,0.33237489864490344,0.001984176427628655,0.007958886552341895,1.5420977742700646,2995.3132776824195,11391.491010724967,0.2513295295742243,1.3989363763406208,0.1431115553409959,0
891,0.00636443263643,0.3312796927324176,0.0019641008336661265,0.007958886552341895,0.0,2995.3132776824195,11391.491010724967,0.2513295295742243,1.3989363763406208,0.14221239687583304,0
892,0.006354118843874766,0.3312796927324176,0.0019641008336661265,0.007896959843787193,0.8403214938473894,2992.1396322016367,11395.076857130782,0.2507692410733155,1.3993846071413478,0.14210032751315646,0
893,0.006343714250321958,0.3306887438911009,0.001953194809993957,0.007896959843787193,0.0,2992.1396322016367,11395.076857130782,0.2507692410733155,1.3993846071413478,0.14119221258618544,0
894,0.006336574230346371,0.3306887438911009,0.001953194809993957,0.007359775346621045,7.557968475276265,2963.6685232070154,11427.058014878337,0.24577218517526028,1.403382251859792,0.14758508479692775,0
895,0.006329389301904965,0.3254064707343453,0.0018532552360529396,0.007359775346621045,0.0,2963.6685232070154,11427.058014878337,0.24577218517526028,1.403382251859792,0.14674685085620728,0
896,0.006322158019861174,0.3254064707343453,0.0018532552360529396,0.007359775346621045,0.0,2963.6685232070154,11427.058014878337,0.24577218517526028,1.403382251859792,0.14590063389081048,0
897,0.0063148788714256585,0.3254064707343453,0.0018532552360529396,0.007359775346621045,0.0,2963.6685232070154,11427.058014878337,0.24577218517526028,1.403382251859792,0.1450462338917141,0
898,0.006307550271843303,0.3254064707343453,0.0018532552360529396,0.007359775346621045,0.0,2963.6685232070154,11427.058014878337,0.24577218517526028,1.403382251859792,0.1441834426469705,0
899,0.006304936318456593,0.3254064707343453,0.0018532552360529396,0.007359775346621045,0.0,2963.6685232070154,11427.058014878337,0.24577218517526028,1.403382251859792,0.14331204327054067,0
900,0.006302342447251871,0.3254064707343453,0.0018532552360529396,0.007359775346621045,0.0,2963.6685232070154,11427.058014878337,0.24577218517526028,1.403382251859792,0.14243180969608946,0
901,0.006296170260801694,0.3254064707343453,0.0018532552360529396,0.007359775346621045,0.0,2963.6685232070154,11427.058014878337,0.24577218517526028,1.403382251859792,0.14154250613252675,0
902,0.006289966281295691,0.3254064707343453,0.0018532552360529396,0.007359775346621045,0.0,2963.6685232070154,11427.058014878337,0.24577218517526028,1.403382251859792,0.14064388647772297,0
903,0.006283729394150652,0.3254064707343453,0.0018532552360529396,0.007359775346621045,0.0,2963.6685232070154,11427.058014878337,0.24577218517526028,1.403382251859792,0.13973569368643107,0
904,0.006277458430496377,0.3254064707343453,0.0018532552360529396,0.00716137590164574,3.050288607898039,2952.6975151864854,11439.291402810966,0.24386071831078668,1.4049114253513708,0.1415919375078777,0
905,0.0062711521636014044,0.3233802399662842,0.001813650730088638,0.00716137590164574,0.0,2952.6975151864854,11439.291402810966,0.24386071831078668,1.4049114253513708,0.14069977843301262,0
906,0.0062693476612740015,0.3233802399662842,0.001813650730088638,0.00716137590164574,0.0,2952.6975151864854,11439.291402810966,0.24386071831078668,1.4049114253513708,0.1397981871533948,0
907,0.006267575386545886,0.3233802399662842,0.001813650730088638,0.00716137590164574,0.0,2952.6975151864854,11439.291402810966,0.24386071831078668,1.4049114253513708,0.13888690098824943,0
908,0.006265055496948941,0.3233802399662842,0.001813650730088638,0.006924363425826775,3.810504034758953,2939.2415266913795,11454.227251701406,0.24152699192165603,1.4067784064626756,0.1413764668078853,0
909,0.006262557440259999,0.32090208437790296,0.0017641535618798298,0.006924363425826775,0.0,2939.2415266913795,11454.227251701406,0.24152699192165603,1.4067784064626756,0.14048933514717377,0
910,0.006252954916719713,0.32090208437790296,0.0017641535618798298,0.006924363425826775,0.0,2939.2415266913795,11454.227251701406,0.24152699192165603,1.4067784064626756,0.1395928633297386,0
911,0.006243272099163081,0.32090208437790296,0.0017641535618798298,0.006924363425826775,0.0,2939.2415266913795,11454.227251701406,0.24152699192165603,1.4067784064626756,0.13868679233110875,0
912,0.006233506517185946,0.32090208437790296,0.0017641535618798298,0.006924363425826775,0.0,2939.2415266913795,11454.227251701406,0.24152699192165603,1.4067784064626756,0.1377708513512201,0
913,0.0062236555845822375,0.32090208437790296,0.0017641535618798298,0.006601606714984704,5.501939832826829,2920.262488137223,11475.165426007541,0.23825540218632263,1.4093956782509425,0.14168070175563766,0
914,0.006215284419235023,0.3174199400375101,0.0016924472380935866,0.006601606714984704,0.0,2920.262488137223,11475.165426007541,0.23825540218632263,1.4093956782509425,0.14080696264437337,0
915,0.00620684779431864,0.3174199400375101,0.0016924472380935866,0.006601606714984704,0.0,2920.262488137223,11475.165426007541,0.23825540218632263,1.4093956782509425,0.13992418375083307,0
916,0.006198628342973651,0.3174199400375101,0.0016924472380935866,0.006601606714984704,0.0,2920.262488137223,11475.165426007541,0.23825540218632263,1.4093956782509425,0.13903211877947733,0
917,0.006195248329672942,0.3174199400375101,0.0016924472380935866,0.006601606714984704,0.0,2920.262488137223,11475.165426007541,0.23825540218632263,1.4093956782509425,0.13813051043716246,0
918,0.00619187864980644,0.3174199400375101,0.0016924472380935866,0.006601606714984704,0.0,2920.262488137223,11475.165426007541,0.23825540218632263,1.4093956782509425,0.13721908974453445,0
919,0.006188519384050151,0.3174199400375101,0.0016924472380935866,0.006601606714984704,0.0,2920.262488137223,11475.165426007541,0.23825540218632263,1.4093956782509425,0.13629757529152706,0
920,0.006182442623167667,0.3174199400375101,0.0016924472380935866,0.006217268518923052,7.113076655096397,2896.5866816769553,11501.075125510346,0.23420701163900892,1.4126343906887933,0.141425881081126,0
921,0.006176334722430293,0.3130977265831924,0.0015994713058068491,0.006217268518923052,0.0,2896.5866816769553,11501.075125510346,0.23420701163900892,1.4126343906887933,0.14056227772343574,0
922,0.006170194509665763,0.3130977265831924,0.0015994713058068491,0.006217268518923052,0.0,2896.5866816769553,11501.075125510346,0.23420701163900892,1.4126343906887933,0.13968982775689337,0
923,0.006164020752171079,0.3130977265831924,0.0015994713058068491,0.006217268518923052,0.0,2896.5866816769553,11501.075125510346,0.23420701163900892,1.4126343906887933,0.13880829256158567,0
924,0.006160168341299611,0.3130977265831924,0.0015994713058068491,0.006217268518923052,0.0,2896.5866816769553,11501.075125510346,0.23420701163900892,1.4126343906887933,0.1379174229709008,0
925,0.006156319519886489,0.3130977265831924,0.0015994713058068491,0.006217268518923052,0.0,2896.5866816769553,11501.075125510346,0.23420701163900892,1.4126343906887933,0.13701695861796195,0
926,0.006152474170799201,0.3130977265831924,0.0015994713058068491,0.006217268518923052,0.0,2896.5866816769553,11501.075125510346,0.23420701163900892,1.4126343906887933,0.13610662722956515,0
927,0.006148632168385893,0.3130977265831924,0.0015994713058068491,0.006217268518923052,0.0,2896.5866816769553,11501.075125510346,0.23420701163900892,1.4126343906887933,0.13518614386240968,0
928,0.006144793377821639,0.3130977265831924,0.0015994713058068491,0.0061190669863087285,1.9773831909414366,2890.334749621707,11507.878050554207,0.2331440546009054,1.4134847563192758,0.1358300319150909,0
929,0.006136191895666398,0.31196040536833874,0.0015741865773931081,0.0061190669863087285,0.0,2890.334749621707,11507.878050554207,0.2331440546009054,1.4134847563192758,0.1349100227748734,0
930,0.006127520387486322,0.31196040536833874,0.0015741865773931081,0.006101329563705669,0.36538827570574683,2889.1962741494244,11509.115113216238,0.2329507635599631,1.4136393891520298,0.13426497480899643,0
931,0.006118776487848484,0.31175348041826517,0.0015695466303884947,0.0058064783943967985,6.217919580303703,2869.839476152792,11530.065710348217,0.2296772327580916,1.4162582137935271,0.13826343090984744,0
932,0.00611562714526622,0.3082438053915432,0.0014888528436577653,0.0058064783943967985,0.0,2869.839476152792,11530.065710348217,0.2296772327580916,1.4162582137935271,0.13738162247999913,0
933,0.006112492446175439,0.3082438053915432,0.0014888528436577653,0.0058064783943967985,0.0,2869.839476152792,11530.065710348217,0.2296772327580916,1.4162582137935271,0.13649037683431287,0
934,0.006109372595733891,0.3082438053915432,0.0014888528436577653,0.0058064783943967985,0.0,2869.839476152792,11530.065710348217,0.2296772327580916,1.4162582137935271,0.13558942788341563,0
935,0.006106267805875495,0.3082438053915432,0.0014888528436577653,0.0058064783943967985,0.0,2869.839476152792,11530.065710348217,0.2296772327580916,1.4162582137935271,0.13467849723599468,0
936,0.00609719377465085,0.3082438053915432,0.0014888528436577653,0.0058064783943967985,0.0,2869.839476152792,11530.065710348217,0.2296772327580916,1.4162582137935271,0.13375729340082673,0
937,0.006088043324113801,0.3082438053915432,0.0014888528436577653,0.0058064783943967985,0.0,2869.839476152792,11530.065710348217,0.2296772327580916,1.4162582137935271,0.13282551092166556,0
938,0.006078813905384498,0.3082438053915432,0.0014888528436577653,0.005480301627498944,7.550488340487519,2847.4102439780017,11554.14711467897,0.22591451333141158,1.4192683893348712,0.13761872860687793,0
939,0.006069502841133611,0.3041972653960727,0.0013905308062458865,0.005480301627498944,0.0,2847.4102439780017,11554.14711467897,0.22591451333141158,1.4192683893348712,0.13674259058669389,0
940,0.006066877472394147,0.3041972653960727,0.0013905308062458865,0.005480301627498944,0.0,2847.4102439780017,11554.14711467897,0.22591451333141158,1.4192683893348712,0.1358570928004754,0
941,0.00606427548819161,0.3041972653960727,0.0013905308062458865,0.005480301627498944,0.0,2847.4102439780017,11554.14711467897,0.22591451333141158,1.4192683893348712,0.13496197182069222,0
942,0.00606169735363043,0.3041972653960727,0.0013905308062458865,0.005480301627498944,0.0,2847.4102439780017,11554.14711467897,0.22591451333141158,1.4192683893348712,0.13405695206333162,0
943,0.00605914355321606,0.3041972653960727,0.0013905308062458865,0.005480301627498944,0.0,2847.4102439780017,11554.14711467897,0.22591451333141158,1.4192683893348712,0.1331417450008345,0
944,0.006055046764712842,0.3041972653960727,0.0013905308062458865,0.005480301627498944,0.0,2847.4102439780017,11554.14711467897,0.22591451333141158,1.4192683893348712,0.13221604830893563,0
945,0.0060509499011735125,0.3041972653960727,0.0013905308062458865,0.005480301627498944,0.0,2847.4102439780017,11554.14711467897,0.22591451333141158,1.4192683893348712,0.13127954494054023,0
946,0.0060465678989261055,0.3041972653960727,0.0013905308062458865,0.005173542552915696,7.939524739707643,2825.2374559500886,11577.748001442262,0.22222687477464703,1.4222185001802827,0.13600062772158686,0
947,0.006037275938241083,0.30021837021286457,0.0012871300972972408,0.005173542552915696,0.0,2825.2374559500886,11577.748001442262,0.22222687477464703,1.4222185001802827,0.13511969112424083,0
948,0.0060279004350851,0.30021837021286457,0.0012871300972972408,0.005173542552915696,0.0,2825.2374559500886,11577.748001442262,0.22222687477464703,1.4222185001802827,0.13422917823695713,0
949,0.006022238518848684,0.30021837021286457,0.0012871300972972408,0.005173542552915696,0.0,2825.2374559500886,11577.748001442262,0.22222687477464703,1.4222185001802827,0.13332881474154612,0
950,0.006016552189361154,0.30021837021286457,0.0012871300972972408,0.005173542552915696,0.0,2825.2374559500886,11577.748001442262,0.22222687477464703,1.4222185001802827,0.13241831343203408,0
951,0.006010840419366341,0.30021837021286457,0.0012871300972972408,0.005173542552915696,0.0,2825.2374559500886,11577.748001442262,0.22222687477464703,1.4222185001802827,0.1314973733649313,0
952,0.00600510212544541,0.30021837021286457,0.0012871300972972408,0.005173542552915696,0.0,2825.2374559500886,11577.748001442262,0.22222687477464703,1.4222185001802827,0.130565678936809,0
953,0.005999336163901887,0.30021837021286457,0.0012871300972972408,0.005173542552915696,0.0,2825.2374559500886,11577.748001442262,0.22222687477464703,1.4222185001802827,0.12962289888148934,0
954,0.0059907496814623215,0.30021837021286457,0.0012871300972972408,0.004828996359941128,10.103231578623292,2798.9353745388557,11605.47984251686,0.21789377460674095,1.4256849803146074,0.135419165763169,0
955,0.005982092795619137,0.2955261104165,0.0011541693283644858,0.004828996359941128,0.0,2798.9353745388557,11605.47984251686,0.21789377460674095,1.4256849803146074,0.13454693698937292,0
956,0.005973363036559057,0.2955261104165,0.0011541693283644858,0.004828996359941128,0.0,2798.9353745388557,11605.47984251686,0.21789377460674095,1.4256849803146074,0.1336652803651917,0
957,0.005964557804829697,0.2955261104165,0.0011541693283644858,0.004828996359941128,0.0,2798.9353745388557,11605.47984251686,0.21789377460674095,1.4256849803146074,0.13277392737692642,0
958,0.005959547050861069,0.2955261104165,0.0011541693283644858,0.004828996359941128,0.0,2798.9353745388557,11605.47984251686,0.21789377460674095,1.4256849803146074,0.13187259696940667,0
959,0.005954522855321089,0.2955261104165,0.0011541693283644858,0.004828996359941128,0.0,2798.9353745388557,11605.47984251686,0.21789377460674095,1.4256849803146074,0.13096099472399467,0
960,0.005949484507171295,0.2955261104165,0.0011541693283644858,0.004828996359941128,0.0,2798.9353745388557,11605.47984251686,0.21789377460674095,1.4256849803146074,0.13003881196669548,0
961,0.005944431254011724,0.2955261104165,0.0011541693283644858,0.004828996359941128,0.0,2798.9353745388557,11605.47984251686,0.21789377460674095,1.4256849803146074,0.1291057247990174,0
962,0.005933692865000193,0.2955261104165,0.0011541693283644858,0.004828996359941128,0.0,2798.9353745388557,11605.47984251686,0.21789377460674095,1.4256849803146074,0.12816139304330307,0
963,0.005925495900078743,0.2955261104165,0.0011541693283644858,0.0046437276735043515,6.306214090874025,2784.114338553362,11620.980294708937,0.2154718289517286,1.4276225368386173,0.13096622266684696,0
964,0.00591723375858805,0.29289529707840306,0.001072856760255345,0.0046437276735043515,0.0,2784.114338553362,11620.980294708937,0.2154718289517286,1.4276225368386173,0.1300530113710557,0
965,0.005908904050883623,0.29289529707840306,0.001072856760255345,0.0046437276735043515,0.0,2784.114338553362,11620.980294708937,0.2154718289517286,1.4276225368386173,0.12912910801112623,0
966,0.005900504257525804,0.29289529707840306,0.001072856760255345,0.0046437276735043515,0.0,2784.114338553362,11620.980294708937,0.2154718289517286,1.4276225368386173,0.12819418236386956,0
967,0.005899098774261613,0.29289529707840306,0.001072856760255345,0.0046437276735043515,0.0,2784.114338553362,11620.980294708937,0.2154718289517286,1.4276225368386173,0.1272478874590794,0
968,0.0058977401077996905,0.29289529707840306,0.001072856760255345,0.004505434841209174,5.1965172387460115,2772.7143773371404,11632.840971259462,0.21361859824070886,1.4291051214074328,0.12917224533687885,0
969,0.005896429484314499,0.2908782500060449,0.001006292659729203,0.004505434841209174,0.0,2772.7143773371404,11632.840971259462,0.21361859824070886,1.4291051214074328,0.12824483544674214,0
970,0.0058883980341750825,0.2908782500060449,0.001006292659729203,0.004505434841209174,0.0,2772.7143773371404,11632.840971259462,0.21361859824070886,1.4291051214074328,0.12730624281515177,0
971,0.005880306456845371,0.2908782500060449,0.001006292659729203,0.004505434841209174,0.0,2772.7143773371404,11632.840971259462,0.21361859824070886,1.4291051214074328,0.12635611159042323,0
972,0.005872152586838165,0.2908782500060449,0.001006292659729203,0.004328452730162097,7.280209394001143,2757.6754846063864,11648.405382136243,0.21118665904121184,1.4310506727670305,0.12920919323989055,0
973,0.0058639341438897295,0.2882260193418467,0.000911717854718962,0.004328452730162097,0.0,2757.6754846063864,11648.405382136243,0.21118665904121184,1.4310506727670305,0.1282914283948165,0
974,0.005855648724642159,0.2882260193418467,0.000911717854718962,0.004328452730162097,0.0,2757.6754846063864,11648.405382136243,0.21118665904121184,1.4310506727670305,0.12736271622621675,0
975,0.005847293793552093,0.2882260193418467,0.000911717854718962,0.004328452730162097,0.0,2757.6754846063864,11648.405382136243,0.21118665904121184,1.4310506727670305,0.1264227121789403,0
976,0.005841926095834847,0.2882260193418467,0.000911717854718962,0.004328452730162097,0.0,2757.6754846063864,11648.405382136243,0.21118665904121184,1.4310506727670305,0.12547105388514077,0
977,0.005836539465266088,0.2882260193418467,0.000911717854718962,0.004210711405508722,5.481719921649246,2747.3733477460128,11659.013530392327,0.20952913587619862,1.432376691299041,0.12710791000622781,0
978,0.005831132941329936,0.28641485399983296,0.0008412719050506132,0.004210711405508722,0.0,2747.3733477460128,11659.013530392327,0.20952913587619862,1.432376691299041,0.12617123375190242,0
979,0.00582190546384304,0.28641485399983296,0.0008412719050506132,0.004210711405508722,0.0,2747.3733477460128,11659.013530392327,0.20952913587619862,1.432376691299041,0.12522296256473492,0
980,0.005816028662464405,0.28641485399983296,0.0008412719050506132,0.004210711405508722,0.0,2747.3733477460128,11659.013530392327,0.20952913587619862,1.432376691299041,0.12426271751037371,0
981,0.005810124799952897,0.28641485399983296,0.0008412719050506132,0.0039141748691314095,15.544145141744282,2720.279119905938,11686.70317236659,0.20520262931772054,1.4358378965458236,0.13024254387135606,0
982,0.0058041926427566636,0.28167372487964276,0.0006212392501105891,0.0039141748691314095,0.0,2720.279119905938,11686.70317236659,0.20520262931772054,1.4358378965458236,0.12935933902917976,0
983,0.005798230884368028,0.28167372487964276,0.0006212392501105891,0.0039141748691314095,0.0,2720.279119905938,11686.70317236659,0.20520262931772054,1.4358378965458236,0.12846607970783472,0
984,0.005789315483431087,0.28167372487964276,0.0006212392501105891,0.0039141748691314095,0.0,2720.279119905938,11686.70317236659,0.20520262931772054,1.4358378965458236,0.12756246409366492,0
985,0.005788744856400106,0.28167372487964276,0.0006212392501105891,0.0039141748691314095,0.0,2720.279119905938,11686.70317236659,0.20520262931772054,1.4358378965458236,0.1266481755033332,0
986,0.00578683227059597,0.28167372487964276,0.0006212392501105891,0.0039141748691314095,0.0,2720.279119905938,11686.70317236659,0.20520262931772054,1.4358378965458236,0.1257228813548895,0
987,0.005785822876943061,0.28167372487964276,0.0006212392501105891,0.0039141748691314095,0.0,2720.279119905938,11686.70317236659,0.20520262931772054,1.4358378965458236,0.12478623204638273,0
988,0.0057815303202249846,0.28167372487964276,0.0006212392501105891,0.0039141748691314095,0.0,2720.279119905938,11686.70317236659,0.20520262931772054,1.4358378965458236,0.12383785973172805,0
989,0.005777983703899677,0.28167372487964276,0.0006212392501105891,0.0039141748691314095,0.0,2720.279119905938,11686.70317236659,0.20520262931772054,1.4358378965458236,0.12287737698216473,0
990,0.005775288610794677,0.28167372487964276,0.0006212392501105891,0.003790657898833172,9.114171517622614,2708.4670763488557,11698.679884494934,0.20333126804766669,1.4373349855618667,0.12488751413966427,0
991,0.005773568790257313,0.2796168476604013,0.0004969801620705853,0.003790657898833172,0.0,2708.4670763488557,11698.679884494934,0.20333126804766669,1.4373349855618667,0.12394799835580955,0
992,0.005772970139696138,0.2796168476604013,0.0004969801620705853,0.003790657898833172,0.0,2708.4670763488557,11698.679884494934,0.20333126804766669,1.4373349855618667,0.12299660788616511,0
993,0.005770051994980169,0.2796168476604013,0.0004969801620705853,0.003790657898833172,0.0,2708.4670763488557,11698.679884494934,0.20333126804766669,1.4373349855618667,0.12203294636373127,0
994,0.005768223167740906,0.2796168476604013,0.0004969801620705853,0.003656275130413804,12.715261730054301,2695.2319183891327,11712.031134020834,0.20124513530924462,1.4390038917526042,0.12440269059689023,0
995,0.005767668450045169,0.2773194388785486,0.00030375016637375964,0.003656275130413804,0.0,2695.2319183891327,11712.031134020834,0.20124513530924462,1.4390038917526042,0.12346560170019222,0
996,0.005768612333054442,0.2773194388785486,0.00030375016637375964,0.003656275130413804,0.0,2695.2319183891327,11712.031134020834,0.20124513530924462,1.4390038917526042,0.12251665322265747,0
997,0.005759551657592233,0.2773194388785486,0.00030375016637375964,0.003656275130413804,0.0,2695.2319183891327,11712.031134020834,0.20124513530924462,1.4390038917526042,0.12155544877294601,0
998,0.005751004230531519,0.2773194388785486,0.00030375016637375964,0.003656275130413804,0.0,2695.2319183891327,11712.031134020834,0.20124513530924462,1.4390038917526042,0.12058157017509377,0
999,0.00574308927613907,0.2773194388785486,0.00030375016637375964,0.003348860349986292,49.87069549370035,2663.2979194176255,11743.94776974721,0.19625816097699858,1.4429934712184012,0.1278196686952005,1
